county,year,month,monthly_cases,lat,lon,predicted_cases,residual,gpot,erisk,risk_score,predicted_risk
Fresno,2021,7,44.800000000000004,36.7378,-119.7871,19.427280330571868,25.372719669428136,0.2327,0.3652,8.5,High
Fresno,2021,8,67.2,36.7378,-119.7871,33.22465924937496,33.975340750625044,0.233,0.392,9.13,High
Fresno,2021,9,78.4,36.7378,-119.7871,52.81223163232261,25.5877683676774,0.3024,0.4356,13.17,High
Fresno,2021,10,84.0,36.7378,-119.7871,37.558616147170035,46.441383852829965,0.2835,0.393,11.14,High
Fresno,2021,11,72.8,36.7378,-119.7871,35.535142000421814,37.26485799957818,0.2162,0.3008,6.5,Moderate
Fresno,2021,12,50.4,36.7378,-119.7871,26.331763198888375,24.068236801111624,0.2324,0.1874,4.35,Moderate
Fresno,2022,1,20.400000000000002,36.7378,-119.7871,12.415997977802608,7.984002022197394,0.2472,0.1566,3.87,Moderate
Fresno,2022,2,15.299999999999999,36.7378,-119.7871,24.61305677004317,-9.31305677004317,0.2357,0.2395,5.65,Moderate
Fresno,2022,3,20.400000000000002,36.7378,-119.7871,15.226305760811684,5.173694239188318,0.216,0.2396,5.18,Moderate
Fresno,2022,4,25.5,36.7378,-119.7871,15.232286423465496,10.267713576534504,0.2166,0.253,5.48,Moderate
Fresno,2022,5,30.599999999999998,36.7378,-119.7871,7.042202069886197,23.5577979301138,0.2368,0.2747,6.5,Moderate
Fresno,2022,6,35.7,36.7378,-119.7871,7.692238366925225,28.00776163307478,0.3029,0.3194,9.68,High
Fresno,2022,7,40.800000000000004,36.7378,-119.7871,21.142185422103726,19.65781457789628,0.3598,0.3543,12.75,High
Fresno,2022,8,61.199999999999996,36.7378,-119.7871,87.19812169155654,-25.99812169155654,0.1747,0.3725,6.51,Moderate
Fresno,2022,9,71.4,36.7378,-119.7871,17.985624515452102,53.414375484547904,0.2621,0.3954,10.36,High
Fresno,2022,10,76.5,36.7378,-119.7871,34.30774351202308,42.19225648797692,0.2059,0.3817,7.86,Moderate
Fresno,2022,11,66.3,36.7378,-119.7871,31.60420787266733,34.695792127332666,0.1968,0.3282,6.46,Moderate
Fresno,2022,12,45.9,36.7378,-119.7871,113.77217377718318,-67.87217377718318,0.2219,0.171,3.79,Moderate
Fresno,2023,1,16.0,36.7378,-119.7871,20.985809649285237,-4.985809649285237,0.2285,0.1094,2.5,Low
Fresno,2023,2,12.0,36.7378,-119.7871,6.958411874616511,5.041588125383489,0.2232,0.1291,2.88,Low
Fresno,2023,3,16.0,36.7378,-119.7871,10.179908376129113,5.820091623870887,0.2206,0.1098,2.42,Low
Fresno,2023,4,20.0,36.7378,-119.7871,14.352917566796156,5.647082433203844,0.2502,0.1738,4.35,Moderate
Fresno,2023,5,24.0,36.7378,-119.7871,7.214255561307218,16.78574443869278,0.2295,0.2579,5.92,Moderate
Fresno,2023,6,28.000000000000004,36.7378,-119.7871,10.42745230395599,17.572547696044012,0.4948,0.2896,14.33,High
Fresno,2023,7,32.0,36.7378,-119.7871,20.575314379393586,11.424685620606414,0.3209,0.3156,10.13,High
Fresno,2023,8,48.0,36.7378,-119.7871,35.375698304855426,12.624301695144574,0.3013,0.3622,10.92,High
Fresno,2023,9,56.00000000000001,36.7378,-119.7871,52.82723026023141,3.172769739768597,0.4082,0.3561,14.54,High
Fresno,2023,10,60.0,36.7378,-119.7871,35.836026368345784,24.163973631654216,0.2523,0.3415,8.62,High
Fresno,2023,11,52.0,36.7378,-119.7871,44.229478845458885,7.770521154541115,0.1894,0.3081,5.84,Moderate
Fresno,2023,12,36.0,36.7378,-119.7871,24.36575003041678,11.63424996958322,0.2099,0.2367,4.97,Moderate
Fresno,2024,1,36.0,36.7378,-119.7871,19.38727110076121,16.61272889923879,0.2569,0.1642,4.22,Moderate
Fresno,2024,2,27.0,36.7378,-119.7871,20.67000489496898,6.329995105031021,0.2576,0.1178,3.03,Moderate
Fresno,2024,3,36.0,36.7378,-119.7871,9.994670432560094,26.005329567439908,0.2302,0.1423,3.28,Moderate
Fresno,2024,4,45.0,36.7378,-119.7871,9.638092517228278,35.36190748277172,0.2029,0.181,3.67,Moderate
Fresno,2024,5,54.0,36.7378,-119.7871,12.157752842594466,41.84224715740554,0.2551,0.2405,6.14,Moderate
Fresno,2024,6,63.00000000000001,36.7378,-119.7871,25.84552919315506,37.15447080684495,0.4594,0.2966,13.63,High
Fresno,2024,7,72.0,36.7378,-119.7871,69.28332872960033,2.7166712703996723,0.5755,0.3553,20.45,Very High
Fresno,2024,8,108.0,36.7378,-119.7871,31.305494332469657,76.69450566753034,0.5348,0.3861,20.65,Very High
Fresno,2024,9,126.00000000000001,36.7378,-119.7871,58.04506623782007,67.95493376217993,0.5887,0.3723,21.92,Very High
Fresno,2024,10,135.0,36.7378,-119.7871,27.767466445957847,107.23253355404215,0.2517,0.3802,9.57,High
Fresno,2024,11,117.0,36.7378,-119.7871,38.27311631944757,78.72688368055243,0.2315,0.3564,8.25,High
Fresno,2024,12,81.0,36.7378,-119.7871,30.05040431563205,50.94959568436795,0.2493,0.1996,4.98,Moderate
Fresno,2025,1,23.04,36.7378,-119.7871,12.58000655574557,10.45999344425443,0.2658,0.2125,5.65,Moderate
Fresno,2025,2,17.28,36.7378,-119.7871,9.131657192570428,8.148342807429573,0.2694,0.201,5.41,Moderate
Fresno,2025,3,23.04,36.7378,-119.7871,13.436647017546386,9.603352982453613,0.2408,0.1701,4.1,Moderate
Fresno,2025,4,28.8,36.7378,-119.7871,26.067415642260475,2.732584357739526,0.2183,0.2111,4.61,Moderate
Fresno,2025,5,34.56,36.7378,-119.7871,79.86450625815989,-45.30450625815989,0.2009,0.2695,5.41,Moderate
Fresno,2025,6,40.32000000000001,36.7378,-119.7871,79.29644805234959,-38.97644805234958,0.2915,0.3226,9.4,High
Fresno,2025,7,46.08,36.7378,-119.7871,46.713921015011664,-0.6339210150116656,0.2386,0.3545,8.46,High
Fresno,2025,8,69.12,36.7378,-119.7871,154.3740673118086,-85.2540673118086,0.3442,0.3592,12.37,High
Fresno,2025,9,80.64000000000001,36.7378,-119.7871,250.6065689357864,-169.9665689357864,0.3862,0.3913,15.11,Very High
Fresno,2025,10,86.39999999999999,36.7378,-119.7871,122.91139264151043,-36.51139264151044,0.2378,0.3471,8.25,High
Fresno,2025,11,74.88,36.7378,-119.7871,75.96200574290425,-1.0820057429042578,0.1989,0.2196,4.37,Moderate
Fresno,2025,12,51.839999999999996,36.7378,-119.7871,38.669492519418235,13.170507480581762,0.204,0.1891,3.86,Moderate
Fresno,2026,1,0.0,36.7378,-119.7871,23.766112871703697,-23.766112871703697,0.2062,0.1533,3.16,Moderate
Fresno,2026,2,0.0,36.7378,-119.7871,15.729316300763449,-15.729316300763449,0.2157,0.1657,3.57,Moderate
Fresno,2026,3,0.0,36.7378,-119.7871,31.136879315321767,-31.136879315321767,0.1832,0.2221,4.07,Moderate
Kern,2021,7,243.6,35.3433,-118.7279,21.022097246893576,222.57790275310643,0.189,0.3517,6.65,Moderate
Kern,2021,8,365.4,35.3433,-118.7279,37.1272898848457,328.27271011515427,0.2424,0.364,8.83,High
Kern,2021,9,426.30000000000007,35.3433,-118.7279,46.19254659578166,380.1074534042184,0.2277,0.3986,9.07,High
Kern,2021,10,456.75,35.3433,-118.7279,41.88862304562363,414.8613769543764,0.2562,0.374,9.58,High
Kern,2021,11,395.85,35.3433,-118.7279,40.92464042416282,354.9253595758372,0.1964,0.2993,5.88,Moderate
Kern,2021,12,274.05,35.3433,-118.7279,22.04696710586196,252.00303289413804,0.2086,0.1763,3.68,Moderate
Kern,2022,1,96.28,35.3433,-118.7279,6.7885207120803,89.4914792879197,0.2244,0.1524,3.42,Moderate
Kern,2022,2,72.21,35.3433,-118.7279,5.786472380053128,66.42352761994687,0.2168,0.218,4.73,Moderate
Kern,2022,3,96.28,35.3433,-118.7279,5.32135388548254,90.95864611451746,0.1986,0.2363,4.69,Moderate
Kern,2022,4,120.35000000000001,35.3433,-118.7279,8.293165171054683,112.05683482894533,0.1948,0.2416,4.71,Moderate
Kern,2022,5,144.42,35.3433,-118.7279,18.316624277403452,126.10337572259654,0.1761,0.2819,4.96,Moderate
Kern,2022,6,168.49,35.3433,-118.7279,20.62826750938903,147.861732490611,0.3048,0.3258,9.93,High
Kern,2022,7,192.56,35.3433,-118.7279,25.611878343791783,166.94812165620823,0.2985,0.344,10.27,High
Kern,2022,8,288.84,35.3433,-118.7279,33.141335636915095,255.69866436308487,0.1709,0.3585,6.12,Moderate
Kern,2022,9,336.98,35.3433,-118.7279,39.74505714332217,297.23494285667783,0.2117,0.3916,8.29,High
Kern,2022,10,361.05,35.3433,-118.7279,38.27783495774759,322.7721650422524,0.1863,0.3734,6.95,Moderate
Kern,2022,11,312.91,35.3433,-118.7279,27.445508537093716,285.4644914629063,0.1659,0.313,5.19,Moderate
Kern,2022,12,216.63,35.3433,-118.7279,18.046204348650154,198.58379565134985,0.2047,0.1754,3.59,Moderate
Kern,2023,1,126.08,35.3433,-118.7279,6.087759191517858,119.99224080848214,0.2212,0.0954,2.11,Low
Kern,2023,2,94.56,35.3433,-118.7279,4.781591267942393,89.77840873205761,0.2243,0.1286,2.88,Low
Kern,2023,3,126.08,35.3433,-118.7279,6.50732233878726,119.57267766121274,0.1769,0.0908,1.61,Low
Kern,2023,4,157.60000000000002,35.3433,-118.7279,11.082163793122083,146.51783620687794,0.1738,0.1737,3.02,Moderate
Kern,2023,5,189.12,35.3433,-118.7279,18.418401481881375,170.70159851811863,0.1752,0.2706,4.74,Moderate
Kern,2023,6,220.64000000000001,35.3433,-118.7279,18.31636604875662,202.32363395124338,0.4367,0.2995,13.08,High
Kern,2023,7,252.16,35.3433,-118.7279,11.898109503782548,240.26189049621746,0.3645,0.2961,10.79,High
Kern,2023,8,378.24,35.3433,-118.7279,19.66065272464252,358.57934727535746,0.2739,0.3287,9.0,High
Kern,2023,9,441.28000000000003,35.3433,-118.7279,18.213897942551878,423.0661020574482,0.4436,0.3289,14.59,High
Kern,2023,10,472.79999999999995,35.3433,-118.7279,21.398169580445618,451.40183041955436,0.2258,0.3099,7.0,Moderate
Kern,2023,11,409.76,35.3433,-118.7279,24.05902201711014,385.70097798288987,0.1752,0.279,4.89,Moderate
Kern,2023,12,283.68,35.3433,-118.7279,16.68135693553188,266.9986430644681,0.1916,0.2285,4.38,Moderate
Kern,2024,1,159.6,35.3433,-118.7279,13.214011409715235,146.38598859028477,0.2805,0.1434,4.02,Moderate
Kern,2024,2,119.69999999999999,35.3433,-118.7279,12.154117084196288,107.5458829158037,0.3159,0.0897,2.83,Low
Kern,2024,3,159.6,35.3433,-118.7279,10.650355797178861,148.94964420282113,0.2242,0.1089,2.44,Low
Kern,2024,4,199.5,35.3433,-118.7279,12.760368510581817,186.73963148941817,0.22,0.1574,3.46,Moderate
Kern,2024,5,239.39999999999998,35.3433,-118.7279,13.701162839460306,225.69883716053968,0.2532,0.2258,5.72,Moderate
Kern,2024,6,279.3,35.3433,-118.7279,16.54867262474671,262.7513273752533,0.3411,0.2827,9.64,High
Kern,2024,7,319.2,35.3433,-118.7279,23.104781630123856,296.09521836987614,0.5306,0.3386,17.96,Very High
Kern,2024,8,478.79999999999995,35.3433,-118.7279,32.66091080150159,446.13908919849837,0.5217,0.366,19.09,Very High
Kern,2024,9,558.6,35.3433,-118.7279,29.34337184852606,529.2566281514739,0.5728,0.3518,20.15,Very High
Kern,2024,10,598.5,35.3433,-118.7279,25.24906383635338,573.2509361636467,0.2864,0.3396,9.73,High
Kern,2024,11,518.7,35.3433,-118.7279,16.720781043357352,501.9792189566427,0.237,0.269,6.38,Moderate
Kern,2024,12,359.09999999999997,35.3433,-118.7279,28.39719268684736,330.7028073131526,0.2785,0.1392,3.88,Moderate
Kern,2025,1,72.0,35.3433,-118.7279,9.107521648324424,62.89247835167558,0.2862,0.1537,4.4,Moderate
Kern,2025,2,54.0,35.3433,-118.7279,9.444169018984168,44.55583098101583,0.3626,0.1643,5.96,Moderate
Kern,2025,3,72.0,35.3433,-118.7279,9.163322525916485,62.836677474083515,0.2484,0.1383,3.44,Moderate
Kern,2025,4,90.0,35.3433,-118.7279,11.769776114301795,78.23022388569821,0.2342,0.1615,3.78,Moderate
Kern,2025,5,108.0,35.3433,-118.7279,13.39274722713089,94.60725277286912,0.2973,0.2151,6.4,Moderate
Kern,2025,6,126.00000000000001,35.3433,-118.7279,14.61303406080527,111.38696593919474,0.3659,0.2756,10.08,High
Kern,2025,7,144.0,35.3433,-118.7279,15.842882885721558,128.15711711427844,0.3719,0.3157,11.74,High
Kern,2025,8,216.0,35.3433,-118.7279,14.534542468827713,201.4654575311723,0.3934,0.3181,12.51,High
Kern,2025,9,252.00000000000003,35.3433,-118.7279,15.57120323709374,236.4287967629063,0.4192,0.3094,12.97,High
Kern,2025,10,270.0,35.3433,-118.7279,14.135698603265002,255.864301396735,0.3453,0.2618,9.04,High
Kern,2025,11,234.0,35.3433,-118.7279,28.52791717448023,205.47208282551978,0.3005,0.1854,5.57,Moderate
Kern,2025,12,162.0,35.3433,-118.7279,14.672900255325445,147.32709974467457,0.3051,0.1722,5.25,Moderate
Kern,2026,1,0.0,35.3433,-118.7279,3.6845326699777754,-3.6845326699777754,0.2992,0.1731,5.18,Moderate
Kern,2026,2,0.0,35.3433,-118.7279,7.296552675177131,-7.296552675177131,0.2942,0.1724,5.07,Moderate
Kern,2026,3,0.0,35.3433,-118.7279,6.518624114554111,-6.518624114554111,0.3012,0.1995,6.01,Moderate
Kings,2021,7,9.6,36.0748,-119.8154,60.16099487580179,-50.56099487580179,0.2095,0.3847,8.06,High
Kings,2021,8,14.399999999999999,36.0748,-119.8154,80.91257816676865,-66.51257816676866,0.2282,0.4092,9.34,High
Kings,2021,9,16.8,36.0748,-119.8154,86.50433348367856,-69.70433348367857,0.2868,0.4651,13.34,High
Kings,2021,10,18.0,36.0748,-119.8154,107.07639912828736,-89.07639912828736,0.3163,0.4577,14.48,High
Kings,2021,11,15.600000000000001,36.0748,-119.8154,68.94380007290202,-53.34380007290202,0.2303,0.3599,8.29,High
Kings,2021,12,10.799999999999999,36.0748,-119.8154,40.04432856998207,-29.244328569982073,0.2502,0.2126,5.32,Moderate
Kings,2022,1,4.6000000000000005,36.0748,-119.8154,108.59773476479384,-103.99773476479385,0.261,0.1901,4.96,Moderate
Kings,2022,2,3.4499999999999997,36.0748,-119.8154,83.72642523650018,-80.27642523650017,0.2461,0.2396,5.9,Moderate
Kings,2022,3,4.6000000000000005,36.0748,-119.8154,78.08282389747961,-73.48282389747962,0.2227,0.2673,5.95,Moderate
Kings,2022,4,5.75,36.0748,-119.8154,71.40065310877047,-65.65065310877047,0.2125,0.2638,5.6,Moderate
Kings,2022,5,6.8999999999999995,36.0748,-119.8154,30.325990403214014,-23.425990403214016,0.2095,0.2898,6.07,Moderate
Kings,2022,6,8.05,36.0748,-119.8154,56.89313795279441,-48.84313795279441,0.2673,0.3516,9.4,High
Kings,2022,7,9.200000000000001,36.0748,-119.8154,53.33922765272001,-44.13922765272001,0.2741,0.3749,10.28,High
Kings,2022,8,13.799999999999999,36.0748,-119.8154,81.29995385343679,-67.49995385343679,0.1785,0.3926,7.01,Moderate
Kings,2022,9,16.1,36.0748,-119.8154,61.689159041492914,-45.58915904149291,0.2492,0.4246,10.58,High
Kings,2022,10,17.25,36.0748,-119.8154,65.84076287207776,-48.59076287207776,0.2187,0.4137,9.05,High
Kings,2022,11,14.950000000000001,36.0748,-119.8154,68.0888927046178,-53.1388927046178,0.2188,0.3867,8.46,High
Kings,2022,12,10.35,36.0748,-119.8154,41.39028869642656,-31.040288696426558,0.2419,0.2188,5.29,Moderate
Kings,2023,1,6.0,36.0748,-119.8154,25.30352207334522,-19.30352207334522,0.2481,0.1321,3.28,Moderate
Kings,2023,2,4.5,36.0748,-119.8154,21.79002695152077,-17.29002695152077,0.2419,0.169,4.09,Moderate
Kings,2023,3,6.0,36.0748,-119.8154,17.932824237706594,-11.932824237706594,0.2412,0.15,3.62,Moderate
Kings,2023,4,7.5,36.0748,-119.8154,34.05511420702575,-26.555114207025753,0.2382,0.1953,4.65,Moderate
Kings,2023,5,9.0,36.0748,-119.8154,58.28977123727952,-49.28977123727952,0.2039,0.2782,5.67,Moderate
Kings,2023,6,10.500000000000002,36.0748,-119.8154,104.04489404921809,-93.54489404921809,0.3866,0.3044,11.77,High
Kings,2023,7,12.0,36.0748,-119.8154,59.54697038483113,-47.54697038483113,0.297,0.3352,9.96,High
Kings,2023,8,18.0,36.0748,-119.8154,62.046777510551756,-44.046777510551756,0.2191,0.3893,8.53,High
Kings,2023,9,21.000000000000004,36.0748,-119.8154,52.09162598830888,-31.091625988308873,0.3641,0.3751,13.66,High
Kings,2023,10,22.5,36.0748,-119.8154,58.495835134884246,-35.995835134884246,0.225,0.3733,8.4,High
Kings,2023,11,19.5,36.0748,-119.8154,49.77224123582856,-30.27224123582856,0.2176,0.3547,7.72,Moderate
Kings,2023,12,13.5,36.0748,-119.8154,35.44507234663388,-21.94507234663388,0.2388,0.274,6.54,Moderate
Kings,2024,1,8.4,36.0748,-119.8154,49.25329899505697,-40.853298995056974,0.2701,0.2107,5.69,Moderate
Kings,2024,2,6.3,36.0748,-119.8154,26.843159050943513,-20.543159050943512,0.2634,0.1404,3.7,Moderate
Kings,2024,3,8.4,36.0748,-119.8154,16.49882823011093,-8.09882823011093,0.2511,0.1685,4.23,Moderate
Kings,2024,4,10.5,36.0748,-119.8154,29.68752830533124,-19.18752830533124,0.2105,0.2052,4.32,Moderate
Kings,2024,5,12.6,36.0748,-119.8154,67.67836085928542,-55.07836085928542,0.2258,0.2619,5.91,Moderate
Kings,2024,6,14.700000000000001,36.0748,-119.8154,59.62017036559373,-44.92017036559373,0.3867,0.3176,12.28,High
Kings,2024,7,16.8,36.0748,-119.8154,96.70543531161965,-79.90543531161966,0.4811,0.3789,18.23,Very High
Kings,2024,8,25.2,36.0748,-119.8154,84.03751535084278,-58.83751535084278,0.4296,0.412,17.7,Very High
Kings,2024,9,29.400000000000002,36.0748,-119.8154,62.94274049653882,-33.54274049653881,0.4201,0.4079,17.14,Very High
Kings,2024,10,31.5,36.0748,-119.8154,102.24584700726136,-70.74584700726136,0.2394,0.4141,9.91,High
Kings,2024,11,27.3,36.0748,-119.8154,54.73110563198076,-27.43110563198076,0.2364,0.3912,9.25,High
Kings,2024,12,18.9,36.0748,-119.8154,73.52553080294085,-54.62553080294085,0.2673,0.207,5.53,Moderate
Kings,2025,1,4.8,36.0748,-119.8154,70.83210220897088,-66.03210220897088,0.269,0.2246,6.04,Moderate
Kings,2025,2,3.5999999999999996,36.0748,-119.8154,38.83302835286428,-35.23302835286428,0.2742,0.2475,6.79,Moderate
Kings,2025,3,4.8,36.0748,-119.8154,13.955341184978609,-9.15534118497861,0.2409,0.2171,5.23,Moderate
Kings,2025,4,6.0,36.0748,-119.8154,34.01456217224351,-28.014562172243508,0.2376,0.2312,5.49,Moderate
Kings,2025,5,7.199999999999999,36.0748,-119.8154,29.67899371394851,-22.478993713948512,0.2494,0.284,7.08,Moderate
Kings,2025,6,8.4,36.0748,-119.8154,66.62870125430298,-58.22870125430298,0.3677,0.3407,12.53,High
Kings,2025,7,9.6,36.0748,-119.8154,108.95205370253916,-99.35205370253917,0.2085,0.3776,7.87,Moderate
Kings,2025,8,14.399999999999999,36.0748,-119.8154,27.796690662740193,-13.396690662740195,0.2374,0.3781,8.98,High
Kings,2025,9,16.8,36.0748,-119.8154,30.474401789311763,-13.674401789311762,0.2452,0.3812,9.35,High
Kings,2025,10,18.0,36.0748,-119.8154,37.28899214076549,-19.288992140765487,0.2193,0.3171,6.95,Moderate
Kings,2025,11,15.600000000000001,36.0748,-119.8154,65.32012427562243,-49.72012427562243,0.1955,0.2427,4.74,Moderate
Kings,2025,12,10.799999999999999,36.0748,-119.8154,62.061059478141814,-51.26105947814182,0.2103,0.1964,4.13,Moderate
Kings,2026,1,0.0,36.0748,-119.8154,29.188278156948172,-29.188278156948172,0.1998,0.1926,3.85,Moderate
Kings,2026,2,0.0,36.0748,-119.8154,29.820378155213994,-29.820378155213994,0.1887,0.2021,3.81,Moderate
Kings,2026,3,0.0,36.0748,-119.8154,40.3601335218256,-40.3601335218256,0.1684,0.2392,4.03,Moderate
Madera,2021,7,3.04,37.218,-119.7573,100.18207684212238,-97.14207684212238,0.3209,0.3321,10.66,High
Madera,2021,8,4.56,37.218,-119.7573,76.09758518195149,-71.53758518195148,0.3103,0.3592,11.15,High
Madera,2021,9,5.32,37.218,-119.7573,85.87050032928643,-80.55050032928642,0.4962,0.4087,20.28,Very High
Madera,2021,10,5.7,37.218,-119.7573,82.86423138397588,-77.16423138397587,0.3496,0.3746,13.1,High
Madera,2021,11,4.94,37.218,-119.7573,100.83333652911557,-95.89333652911557,0.2622,0.2705,7.09,Moderate
Madera,2021,12,3.42,37.218,-119.7573,94.49901712068919,-91.07901712068919,0.2389,0.1593,3.8,Moderate
Madera,2022,1,1.4000000000000001,37.218,-119.7573,23.929477453952103,-22.529477453952104,0.2543,0.1237,3.15,Moderate
Madera,2022,2,1.05,37.218,-119.7573,16.651036035899654,-15.601036035899654,0.2461,0.1664,4.1,Moderate
Madera,2022,3,1.4000000000000001,37.218,-119.7573,18.46254594064413,-17.06254594064413,0.2298,0.1778,4.09,Moderate
Madera,2022,4,1.75,37.218,-119.7573,84.05274918897456,-82.30274918897456,0.246,0.1843,4.53,Moderate
Madera,2022,5,2.1,37.218,-119.7573,84.07787284616245,-81.97787284616246,0.3142,0.2312,7.26,Moderate
Madera,2022,6,2.45,37.218,-119.7573,54.50936412564747,-52.05936412564747,0.3684,0.2841,10.47,High
Madera,2022,7,2.8000000000000003,37.218,-119.7573,83.84077686889634,-81.04077686889634,0.5006,0.3202,16.03,Very High
Madera,2022,8,4.2,37.218,-119.7573,106.3813519085389,-102.1813519085389,0.2923,0.3335,9.75,High
Madera,2022,9,4.9,37.218,-119.7573,100.29871211679222,-95.39871211679221,0.3408,0.3497,11.92,High
Madera,2022,10,5.25,37.218,-119.7573,103.31739255321727,-98.06739255321727,0.2877,0.3462,9.96,High
Madera,2022,11,4.55,37.218,-119.7573,99.7453250158623,-95.19532501586231,0.2173,0.2788,6.06,Moderate
Madera,2022,12,3.15,37.218,-119.7573,88.98156126329788,-85.83156126329787,0.2316,0.1242,2.88,Low
Madera,2023,1,2.2,37.218,-119.7573,40.08625318580606,-37.886253185806055,0.2457,0.0919,2.26,Low
Madera,2023,2,1.65,37.218,-119.7573,46.72042702622847,-45.07042702622847,0.2487,0.0927,2.31,Low
Madera,2023,3,2.2,37.218,-119.7573,40.63743316808191,-38.43743316808191,0.2816,0.0888,2.5,Low
Madera,2023,4,2.75,37.218,-119.7573,103.9777413355588,-101.2277413355588,0.4543,0.1259,5.72,Moderate
Madera,2023,5,3.3,37.218,-119.7573,108.22275268155153,-104.92275268155153,0.2892,0.2131,6.16,Moderate
Madera,2023,6,3.8500000000000005,37.218,-119.7573,113.51257319472197,-109.66257319472197,0.6186,0.2577,15.94,Very High
Madera,2023,7,4.4,37.218,-119.7573,179.84055616321461,-175.4405561632146,0.3333,0.2962,9.87,High
Madera,2023,8,6.6,37.218,-119.7573,190.15620556676652,-183.55620556676652,0.3239,0.353,11.43,High
Madera,2023,9,7.700000000000001,37.218,-119.7573,198.78626131784972,-191.08626131784973,0.4018,0.3435,13.8,High
Madera,2023,10,8.25,37.218,-119.7573,137.17404755522318,-128.92404755522318,0.3382,0.3182,10.76,High
Madera,2023,11,7.15,37.218,-119.7573,63.06072154922542,-55.91072154922542,0.2439,0.2844,6.94,Moderate
Madera,2023,12,4.95,37.218,-119.7573,87.58668026046749,-82.63668026046749,0.2188,0.1933,4.23,Moderate
Madera,2024,1,3.2,37.218,-119.7573,58.766721661052195,-55.56672166105219,0.2493,0.142,3.54,Moderate
Madera,2024,2,2.4,37.218,-119.7573,77.55888600825098,-75.15888600825097,0.2552,0.0913,2.33,Low
Madera,2024,3,3.2,37.218,-119.7573,84.13169344444447,-80.93169344444446,0.3235,0.1039,3.36,Moderate
Madera,2024,4,4.0,37.218,-119.7573,109.30801446393887,-105.30801446393887,0.2251,0.1186,2.67,Low
Madera,2024,5,4.8,37.218,-119.7573,81.96015933189429,-77.16015933189429,0.367,0.1939,7.12,Moderate
Madera,2024,6,5.6000000000000005,37.218,-119.7573,94.31212266275394,-88.71212266275394,0.563,0.2681,15.09,Very High
Madera,2024,7,6.4,37.218,-119.7573,193.831149783633,-187.431149783633,0.6199,0.3344,20.73,Very High
Madera,2024,8,9.6,37.218,-119.7573,213.89387559163058,-204.29387559163058,0.6272,0.367,23.02,Very High
Madera,2024,9,11.200000000000001,37.218,-119.7573,140.70771967928792,-129.50771967928793,0.6297,0.3589,22.6,Very High
Madera,2024,10,12.0,37.218,-119.7573,126.04376085884007,-114.04376085884007,0.3364,0.3673,12.36,High
Madera,2024,11,10.4,37.218,-119.7573,135.9116467083431,-125.51164670834311,0.2918,0.3205,9.35,High
Madera,2024,12,7.199999999999999,37.218,-119.7573,84.15450114213489,-76.95450114213489,0.2472,0.1599,3.95,Moderate
Madera,2025,1,2.0,37.218,-119.7573,22.716626526101454,-20.716626526101454,0.2597,0.1787,4.64,Moderate
Madera,2025,2,1.5,37.218,-119.7573,11.881080659577865,-10.381080659577865,0.2685,0.1353,3.63,Moderate
Madera,2025,3,2.0,37.218,-119.7573,17.359143886138614,-15.359143886138614,0.244,0.1269,3.1,Moderate
Madera,2025,4,2.5,37.218,-119.7573,77.84526424422613,-75.34526424422613,0.2174,0.151,3.28,Moderate
Madera,2025,5,3.0,37.218,-119.7573,108.37647471993128,-105.37647471993128,0.2923,0.2209,6.46,Moderate
Madera,2025,6,3.5000000000000004,37.218,-119.7573,62.407693986113394,-58.907693986113394,0.3993,0.2873,11.47,High
Madera,2025,7,4.0,37.218,-119.7573,59.629671006631554,-55.629671006631554,0.3617,0.3231,11.69,High
Madera,2025,8,6.0,37.218,-119.7573,51.799517353896135,-45.799517353896135,0.5276,0.3327,17.55,Very High
Madera,2025,9,7.000000000000001,37.218,-119.7573,92.89194791427322,-85.89194791427322,0.5159,0.3362,17.34,Very High
Madera,2025,10,7.5,37.218,-119.7573,104.49475195565459,-96.99475195565459,0.3808,0.2861,10.9,High
Madera,2025,11,6.5,37.218,-119.7573,80.01855657610443,-73.51855657610443,0.2383,0.2223,5.3,Moderate
Madera,2025,12,4.5,37.218,-119.7573,27.508690314878198,-23.008690314878198,0.2179,0.1897,4.13,Moderate
Madera,2026,1,0.0,37.218,-119.7573,23.14534988157452,-23.14534988157452,0.2159,0.1465,3.16,Moderate
Madera,2026,2,0.0,37.218,-119.7573,11.872019872695187,-11.872019872695187,0.219,0.1678,3.68,Moderate
Madera,2026,3,0.0,37.218,-119.7573,18.06214951244059,-18.06214951244059,0.2055,0.198,4.07,Moderate
Merced,2021,7,5.2,37.1913,-120.7151,17.78395612597491,-12.583956125974911,0.2531,0.3292,8.33,High
Merced,2021,8,7.8,37.1913,-120.7151,40.17214053455073,-32.37214053455073,0.2541,0.3581,9.1,High
Merced,2021,9,9.100000000000001,37.1913,-120.7151,42.22472125285101,-33.12472125285101,0.3044,0.3895,11.86,High
Merced,2021,10,9.75,37.1913,-120.7151,41.219719481372465,-31.469719481372465,0.2787,0.3548,9.89,High
Merced,2021,11,8.450000000000001,37.1913,-120.7151,39.75316449700336,-31.30316449700336,0.2364,0.2506,5.92,Moderate
Merced,2021,12,5.85,37.1913,-120.7151,28.156273831681894,-22.306273831681892,0.243,0.1881,4.57,Moderate
Merced,2022,1,2.2,37.1913,-120.7151,16.717355921296633,-14.517355921296634,0.2607,0.1605,4.18,Moderate
Merced,2022,2,1.65,37.1913,-120.7151,43.8808490825259,-42.2308490825259,0.2546,0.2422,6.17,Moderate
Merced,2022,3,2.2,37.1913,-120.7151,39.728441792379776,-37.52844179237977,0.2384,0.266,6.34,Moderate
Merced,2022,4,2.75,37.1913,-120.7151,16.162634586669558,-13.412634586669558,0.2357,0.2492,5.87,Moderate
Merced,2022,5,3.3,37.1913,-120.7151,12.304901284555246,-9.004901284555245,0.2647,0.2677,7.09,Moderate
Merced,2022,6,3.8500000000000005,37.1913,-120.7151,12.232041730589236,-8.382041730589236,0.3107,0.31,9.63,High
Merced,2022,7,4.4,37.1913,-120.7151,17.20632938155622,-12.80632938155622,0.4019,0.3362,13.51,High
Merced,2022,8,6.6,37.1913,-120.7151,122.54302662641724,-115.94302662641725,0.1506,0.3488,5.25,Moderate
Merced,2022,9,7.700000000000001,37.1913,-120.7151,152.5370474547445,-144.83704745474452,0.2131,0.3775,8.05,High
Merced,2022,10,8.25,37.1913,-120.7151,47.391716444836774,-39.141716444836774,0.2072,0.3678,7.62,Moderate
Merced,2022,11,7.15,37.1913,-120.7151,80.25177191161357,-73.10177191161357,0.2129,0.3212,6.84,Moderate
Merced,2022,12,4.95,37.1913,-120.7151,40.13724435611422,-35.18724435611422,0.2363,0.1589,3.75,Moderate
Merced,2023,1,3.6,37.1913,-120.7151,10.239304183814586,-6.639304183814586,0.2418,0.1057,2.55,Low
Merced,2023,2,2.6999999999999997,37.1913,-120.7151,9.382240514469672,-6.682240514469672,0.2382,0.118,2.81,Low
Merced,2023,3,3.6,37.1913,-120.7151,9.726582624977576,-6.126582624977576,0.2291,0.117,2.68,Low
Merced,2023,4,4.5,37.1913,-120.7151,29.929809585345215,-25.429809585345215,0.2881,0.1601,4.61,Moderate
Merced,2023,5,5.3999999999999995,37.1913,-120.7151,23.583148850679642,-18.183148850679643,0.2318,0.2322,5.38,Moderate
Merced,2023,6,6.300000000000001,37.1913,-120.7151,17.799336787832214,-11.499336787832213,0.5049,0.2715,13.71,High
Merced,2023,7,7.2,37.1913,-120.7151,23.010040824666376,-15.810040824666377,0.3392,0.3091,10.48,High
Merced,2023,8,10.799999999999999,37.1913,-120.7151,40.90942328267702,-30.10942328267702,0.3123,0.3566,11.14,High
Merced,2023,9,12.600000000000001,37.1913,-120.7151,69.45777458625011,-56.85777458625011,0.3836,0.3496,13.41,High
Merced,2023,10,13.5,37.1913,-120.7151,44.44943645188543,-30.949436451885433,0.2624,0.3363,8.82,High
Merced,2023,11,11.700000000000001,37.1913,-120.7151,66.78718814720095,-55.08718814720095,0.2266,0.3023,6.85,Moderate
Merced,2023,12,8.1,37.1913,-120.7151,38.37449117595802,-30.27449117595802,0.2228,0.218,4.86,Moderate
Merced,2024,1,5.6000000000000005,37.1913,-120.7151,29.089098551674923,-23.48909855167492,0.2507,0.154,3.86,Moderate
Merced,2024,2,4.2,37.1913,-120.7151,19.545350224366672,-15.345350224366673,0.245,0.1161,2.84,Low
Merced,2024,3,5.6000000000000005,37.1913,-120.7151,11.151509423075504,-5.551509423075504,0.2321,0.1382,3.21,Moderate
Merced,2024,4,7.0,37.1913,-120.7151,25.134575772611925,-18.134575772611925,0.1982,0.1708,3.39,Moderate
Merced,2024,5,8.4,37.1913,-120.7151,26.835436846303477,-18.435436846303475,0.27,0.2351,6.35,Moderate
Merced,2024,6,9.8,37.1913,-120.7151,31.2759323946323,-21.4759323946323,0.5288,0.2945,15.57,Very High
Merced,2024,7,11.200000000000001,37.1913,-120.7151,42.876814004270706,-31.676814004270703,0.6158,0.3437,21.16,Very High
Merced,2024,8,16.8,37.1913,-120.7151,81.47903524692259,-64.6790352469226,0.428,0.3758,16.08,Very High
Merced,2024,9,19.6,37.1913,-120.7151,83.16583764694033,-63.56583764694033,0.5502,0.3616,19.9,Very High
Merced,2024,10,21.0,37.1913,-120.7151,71.56051142625789,-50.56051142625789,0.2653,0.3653,9.69,High
Merced,2024,11,18.2,37.1913,-120.7151,59.61699085665822,-41.41699085665822,0.2497,0.3359,8.39,High
Merced,2024,12,12.6,37.1913,-120.7151,36.248042078001674,-23.648042078001673,0.2489,0.2214,5.51,Moderate
Merced,2025,1,4.0,37.1913,-120.7151,21.590574136608687,-17.590574136608687,0.2659,0.2234,5.94,Moderate
Merced,2025,2,3.0,37.1913,-120.7151,12.347789038770992,-9.347789038770992,0.2521,0.1725,4.35,Moderate
Merced,2025,3,4.0,37.1913,-120.7151,13.397319592975999,-9.397319592975999,0.252,0.1719,4.33,Moderate
Merced,2025,4,5.0,37.1913,-120.7151,27.577955852874744,-22.577955852874744,0.2157,0.2078,4.48,Moderate
Merced,2025,5,6.0,37.1913,-120.7151,31.97183681807139,-25.97183681807139,0.2261,0.25,5.65,Moderate
Merced,2025,6,7.000000000000001,37.1913,-120.7151,29.597363604383723,-22.597363604383723,0.2883,0.2806,8.09,High
Merced,2025,7,8.0,37.1913,-120.7151,33.003957312937466,-25.003957312937466,0.2727,0.3027,8.25,High
Merced,2025,8,12.0,37.1913,-120.7151,28.52562281334596,-16.52562281334596,0.4155,0.313,13.0,High
Merced,2025,9,14.000000000000002,37.1913,-120.7151,36.65738656399531,-22.65738656399531,0.3337,0.323,10.78,High
Merced,2025,10,15.0,37.1913,-120.7151,50.66709416599426,-35.66709416599426,0.2622,0.2815,7.38,Moderate
Merced,2025,11,13.0,37.1913,-120.7151,51.70736961154547,-38.70736961154547,0.2073,0.1946,4.03,Moderate
Merced,2025,12,9.0,37.1913,-120.7151,59.75876793633028,-50.75876793633028,0.2125,0.1502,3.19,Moderate
Merced,2026,1,0.0,37.1913,-120.7151,60.2017942141149,-60.2017942141149,0.2173,0.1124,2.44,Low
Merced,2026,2,0.0,37.1913,-120.7151,50.746822506582255,-50.746822506582255,0.2211,0.1268,2.8,Low
Merced,2026,3,0.0,37.1913,-120.7151,47.919110263257586,-47.919110263257586,0.1975,0.1893,3.74,Moderate
San Joaquin,2021,7,6.8,37.9317,-121.2717,51.62140361021093,-44.821403610210936,0.2352,0.3484,8.19,High
San Joaquin,2021,8,10.2,37.9317,-121.2717,103.18262879551168,-92.98262879551167,0.2214,0.3703,8.2,High
San Joaquin,2021,9,11.9,37.9317,-121.2717,99.22436454184876,-87.32436454184875,0.2327,0.3957,9.21,High
San Joaquin,2021,10,12.75,37.9317,-121.2717,181.4672202410082,-168.7172202410082,0.1771,0.3389,6.0,Moderate
San Joaquin,2021,11,11.05,37.9317,-121.2717,212.15026254276768,-201.10026254276767,0.1602,0.2449,3.92,Moderate
San Joaquin,2021,12,7.6499999999999995,37.9317,-121.2717,58.6231149921979,-50.9731149921979,0.1631,0.1573,2.57,Low
San Joaquin,2022,1,3.2,37.9317,-121.2717,27.07268445033953,-23.87268445033953,0.1789,0.1283,2.3,Low
San Joaquin,2022,2,2.4,37.9317,-121.2717,29.707679074420255,-27.307679074420257,0.1727,0.2202,3.8,Moderate
San Joaquin,2022,3,3.2,37.9317,-121.2717,41.63389601825977,-38.433896018259766,0.1601,0.2528,4.05,Moderate
San Joaquin,2022,4,4.0,37.9317,-121.2717,29.691232951646825,-25.691232951646825,0.1858,0.2558,4.75,Moderate
San Joaquin,2022,5,4.8,37.9317,-121.2717,48.046678920393504,-43.24667892039351,0.2753,0.2811,7.74,Moderate
San Joaquin,2022,6,5.6000000000000005,37.9317,-121.2717,49.96884455252425,-44.36884455252425,0.3657,0.3129,11.45,High
San Joaquin,2022,7,6.4,37.9317,-121.2717,47.88462719144993,-41.48462719144993,0.3892,0.3443,13.4,High
San Joaquin,2022,8,9.6,37.9317,-121.2717,49.81460787312939,-40.21460787312939,0.1859,0.3491,6.49,Moderate
San Joaquin,2022,9,11.200000000000001,37.9317,-121.2717,59.184949680904936,-47.98494968090493,0.1688,0.3591,6.06,Moderate
San Joaquin,2022,10,12.0,37.9317,-121.2717,133.35281880462816,-121.35281880462816,0.1464,0.3556,5.21,Moderate
San Joaquin,2022,11,10.4,37.9317,-121.2717,115.1327750701613,-104.7327750701613,0.1338,0.2939,3.93,Moderate
San Joaquin,2022,12,7.199999999999999,37.9317,-121.2717,65.01849613226446,-57.81849613226446,0.1624,0.1513,2.46,Low
San Joaquin,2023,1,6.2,37.9317,-121.2717,43.58055313116448,-37.380553131164476,0.1652,0.1,1.65,Low
San Joaquin,2023,2,4.6499999999999995,37.9317,-121.2717,36.496137743547024,-31.846137743547025,0.1638,0.1172,1.92,Low
San Joaquin,2023,3,6.2,37.9317,-121.2717,46.514826243049775,-40.31482624304977,0.1715,0.111,1.9,Low
San Joaquin,2023,4,7.75,37.9317,-121.2717,47.684149855979314,-39.934149855979314,0.3352,0.1784,5.98,Moderate
San Joaquin,2023,5,9.299999999999999,37.9317,-121.2717,32.06732830436396,-22.767328304363964,0.2035,0.2575,5.24,Moderate
San Joaquin,2023,6,10.850000000000001,37.9317,-121.2717,48.99810607613955,-38.14810607613955,0.5164,0.2867,14.81,High
San Joaquin,2023,7,12.4,37.9317,-121.2717,56.51541367835919,-44.11541367835919,0.337,0.3141,10.59,High
San Joaquin,2023,8,18.599999999999998,37.9317,-121.2717,62.61672839505195,-44.016728395051956,0.2909,0.3554,10.34,High
San Joaquin,2023,9,21.700000000000003,37.9317,-121.2717,63.40984696116603,-41.70984696116603,0.4104,0.3524,14.46,High
San Joaquin,2023,10,23.25,37.9317,-121.2717,131.1408746152354,-107.89087461523539,0.2584,0.3126,8.08,High
San Joaquin,2023,11,20.150000000000002,37.9317,-121.2717,95.5353886121664,-75.3853886121664,0.1598,0.2937,4.69,Moderate
San Joaquin,2023,12,13.95,37.9317,-121.2717,63.57066131399311,-49.62066131399311,0.1553,0.214,3.32,Moderate
San Joaquin,2024,1,9.56,37.9317,-121.2717,39.12050765842691,-29.560507658426907,0.1869,0.1328,2.48,Low
San Joaquin,2024,2,7.17,37.9317,-121.2717,40.893921592924194,-33.72392159292419,0.1834,0.1059,1.94,Low
San Joaquin,2024,3,9.56,37.9317,-121.2717,45.20089813902602,-35.64089813902602,0.214,0.1306,2.79,Low
San Joaquin,2024,4,11.950000000000001,37.9317,-121.2717,40.919396530732925,-28.969396530732922,0.1547,0.177,2.74,Low
San Joaquin,2024,5,14.34,37.9317,-121.2717,27.854931275183482,-13.514931275183482,0.2211,0.2523,5.58,Moderate
San Joaquin,2024,6,16.73,37.9317,-121.2717,46.47338545673208,-29.74338545673208,0.51,0.3053,15.57,Very High
San Joaquin,2024,7,19.12,37.9317,-121.2717,50.10720996407928,-30.98720996407928,0.6218,0.3472,21.59,Very High
San Joaquin,2024,8,28.68,37.9317,-121.2717,51.05643486136339,-22.376434861363393,0.4864,0.3716,18.07,Very High
San Joaquin,2024,9,33.46,37.9317,-121.2717,70.957306694364,-37.49730669436399,0.6036,0.3477,20.99,Very High
San Joaquin,2024,10,35.85,37.9317,-121.2717,159.10119227403146,-123.25119227403147,0.2414,0.3453,8.34,High
San Joaquin,2024,11,31.07,37.9317,-121.2717,109.68505195896887,-78.61505195896888,0.2018,0.2897,5.84,Moderate
San Joaquin,2024,12,21.509999999999998,37.9317,-121.2717,56.42433806660499,-34.91433806660499,0.1767,0.1663,2.94,Low
San Joaquin,2025,1,10.88,37.9317,-121.2717,31.348501337657925,-20.468501337657926,0.1977,0.1878,3.71,Moderate
San Joaquin,2025,2,8.16,37.9317,-121.2717,33.46450791682173,-25.30450791682173,0.1922,0.1548,2.98,Low
San Joaquin,2025,3,10.88,37.9317,-121.2717,33.139597103716326,-22.259597103716324,0.1971,0.1702,3.35,Moderate
San Joaquin,2025,4,13.600000000000001,37.9317,-121.2717,52.143549916337435,-38.54354991633743,0.1583,0.2131,3.37,Moderate
San Joaquin,2025,5,16.32,37.9317,-121.2717,37.17633033188381,-20.85633033188381,0.2583,0.2602,6.72,Moderate
San Joaquin,2025,6,19.040000000000003,37.9317,-121.2717,59.793107185170804,-40.753107185170805,0.4387,0.2958,12.98,High
San Joaquin,2025,7,21.76,37.9317,-121.2717,58.42557892539961,-36.665578925399615,0.3662,0.3138,11.49,High
San Joaquin,2025,8,32.64,37.9317,-121.2717,75.07108178046951,-42.43108178046951,0.4938,0.3085,15.23,Very High
San Joaquin,2025,9,38.080000000000005,37.9317,-121.2717,136.2171760160673,-98.13717601606729,0.3445,0.3151,10.86,High
San Joaquin,2025,10,40.8,37.9317,-121.2717,59.40489219838586,-18.604892198385862,0.2213,0.279,6.17,Moderate
San Joaquin,2025,11,35.36,37.9317,-121.2717,63.518742328429845,-28.158742328429845,0.1866,0.1939,3.62,Moderate
San Joaquin,2025,12,24.48,37.9317,-121.2717,57.889675633406306,-33.40967563340631,0.1805,0.1415,2.55,Low
San Joaquin,2026,1,0.0,37.9317,-121.2717,17.104671778495266,-17.104671778495266,0.184,0.1161,2.14,Low
San Joaquin,2026,2,0.0,37.9317,-121.2717,21.625242780042914,-21.625242780042914,0.1949,0.138,2.69,Low
San Joaquin,2026,3,0.0,37.9317,-121.2717,25.012160362754738,-25.012160362754738,0.1816,0.1919,3.49,Moderate
Stanislaus,2021,7,4.4,37.5591,-120.9982,18.4468151661071,-14.0468151661071,0.2415,0.3349,8.09,High
Stanislaus,2021,8,6.6,37.5591,-120.9982,47.71331687524564,-41.11331687524564,0.2575,0.3589,9.24,High
Stanislaus,2021,9,7.700000000000001,37.5591,-120.9982,50.23607221712314,-42.536072217123134,0.2884,0.3914,11.29,High
Stanislaus,2021,10,8.25,37.5591,-120.9982,56.99718126417356,-48.74718126417356,0.2695,0.3382,9.11,High
Stanislaus,2021,11,7.15,37.5591,-120.9982,53.612191405410925,-46.46219140541093,0.229,0.2575,5.9,Moderate
Stanislaus,2021,12,4.95,37.5591,-120.9982,45.73329878006384,-40.78329878006384,0.2419,0.1845,4.47,Moderate
Stanislaus,2022,1,2.0,37.5591,-120.9982,13.72118013893114,-11.72118013893114,0.2564,0.1529,3.92,Moderate
Stanislaus,2022,2,1.5,37.5591,-120.9982,14.50045324813499,-13.00045324813499,0.2501,0.2329,5.83,Moderate
Stanislaus,2022,3,2.0,37.5591,-120.9982,16.780505296129714,-14.780505296129714,0.2334,0.2645,6.17,Moderate
Stanislaus,2022,4,2.5,37.5591,-120.9982,16.506788668412575,-14.006788668412575,0.2444,0.2483,6.07,Moderate
Stanislaus,2022,5,3.0,37.5591,-120.9982,15.876337190713837,-12.876337190713837,0.2713,0.2704,7.34,Moderate
Stanislaus,2022,6,3.5000000000000004,37.5591,-120.9982,12.607586364792878,-9.107586364792878,0.343,0.3078,10.56,High
Stanislaus,2022,7,4.0,37.5591,-120.9982,16.541246899399358,-12.541246899399358,0.4002,0.333,13.32,High
Stanislaus,2022,8,6.0,37.5591,-120.9982,21.479398853944677,-15.479398853944677,0.1965,0.3425,6.73,Moderate
Stanislaus,2022,9,7.000000000000001,37.5591,-120.9982,42.503903016652345,-35.503903016652345,0.21,0.357,7.5,Moderate
Stanislaus,2022,10,7.5,37.5591,-120.9982,56.48718296764572,-48.98718296764572,0.2057,0.3554,7.31,Moderate
Stanislaus,2022,11,6.5,37.5591,-120.9982,80.67643027351211,-74.17643027351211,0.2043,0.2926,5.98,Moderate
Stanislaus,2022,12,4.5,37.5591,-120.9982,41.02133311224898,-36.52133311224898,0.2344,0.1507,3.53,Moderate
Stanislaus,2023,1,3.4,37.5591,-120.9982,11.27920253564915,-7.879202535649149,0.2372,0.1011,2.4,Low
Stanislaus,2023,2,2.55,37.5591,-120.9982,8.804435158157078,-6.2544351581570785,0.2377,0.1151,2.74,Low
Stanislaus,2023,3,3.4,37.5591,-120.9982,18.50061095682209,-15.10061095682209,0.2339,0.1109,2.59,Low
Stanislaus,2023,4,4.25,37.5591,-120.9982,23.56419182813652,-19.31419182813652,0.3114,0.1555,4.84,Moderate
Stanislaus,2023,5,5.1,37.5591,-120.9982,19.590301095389844,-14.490301095389844,0.2427,0.2253,5.47,Moderate
Stanislaus,2023,6,5.95,37.5591,-120.9982,16.191813375041797,-10.241813375041797,0.5042,0.2662,13.43,High
Stanislaus,2023,7,6.8,37.5591,-120.9982,17.50629425626867,-10.70629425626867,0.3381,0.2956,9.99,High
Stanislaus,2023,8,10.2,37.5591,-120.9982,19.584646715450834,-9.384646715450835,0.3068,0.3414,10.48,High
Stanislaus,2023,9,11.9,37.5591,-120.9982,59.61661985757872,-47.71661985757872,0.4017,0.3376,13.56,High
Stanislaus,2023,10,12.75,37.5591,-120.9982,143.71495100592742,-130.96495100592742,0.2795,0.3109,8.69,High
Stanislaus,2023,11,11.05,37.5591,-120.9982,91.93845904628941,-80.88845904628941,0.2282,0.2956,6.74,Moderate
Stanislaus,2023,12,7.6499999999999995,37.5591,-120.9982,34.33217494950908,-26.682174949509083,0.2174,0.22,4.78,Moderate
Stanislaus,2024,1,5.2,37.5591,-120.9982,14.612562249227096,-9.412562249227097,0.2597,0.1475,3.83,Moderate
Stanislaus,2024,2,3.9,37.5591,-120.9982,16.844436563759533,-12.944436563759533,0.2535,0.1078,2.73,Low
Stanislaus,2024,3,5.2,37.5591,-120.9982,22.438507251497253,-17.238507251497253,0.2441,0.1359,3.32,Moderate
Stanislaus,2024,4,6.5,37.5591,-120.9982,52.59682032372275,-46.09682032372275,0.2218,0.1608,3.57,Moderate
Stanislaus,2024,5,7.8,37.5591,-120.9982,34.909719845407764,-27.109719845407763,0.2781,0.225,6.26,Moderate
Stanislaus,2024,6,9.100000000000001,37.5591,-120.9982,18.56806696433953,-9.468066964339528,0.5359,0.2819,15.11,Very High
Stanislaus,2024,7,10.4,37.5591,-120.9982,23.106915518149357,-12.706915518149357,0.6054,0.3286,19.9,Very High
Stanislaus,2024,8,15.6,37.5591,-120.9982,31.22710706972118,-15.627107069721179,0.479,0.3578,17.14,Very High
Stanislaus,2024,9,18.200000000000003,37.5591,-120.9982,70.15357925505054,-51.95357925505054,0.5978,0.3336,19.94,Very High
Stanislaus,2024,10,19.5,37.5591,-120.9982,77.55956794076869,-58.05956794076869,0.2863,0.3446,9.87,High
Stanislaus,2024,11,16.900000000000002,37.5591,-120.9982,115.36924236618752,-98.46924236618752,0.2805,0.3076,8.63,High
Stanislaus,2024,12,11.7,37.5591,-120.9982,54.96170660284324,-43.26170660284325,0.2467,0.2008,4.95,Moderate
Stanislaus,2025,1,3.6,37.5591,-120.9982,21.367154229665974,-17.767154229665973,0.2713,0.2122,5.76,Moderate
Stanislaus,2025,2,2.6999999999999997,37.5591,-120.9982,5.838679764729148,-3.1386797647291487,0.2547,0.1677,4.27,Moderate
Stanislaus,2025,3,3.6,37.5591,-120.9982,11.85237407789436,-8.25237407789436,0.2533,0.1726,4.37,Moderate
Stanislaus,2025,4,4.5,37.5591,-120.9982,25.031806992292942,-20.531806992292942,0.2338,0.2204,5.15,Moderate
Stanislaus,2025,5,5.3999999999999995,37.5591,-120.9982,19.740270287707634,-14.340270287707636,0.235,0.2722,6.4,Moderate
Stanislaus,2025,6,6.300000000000001,37.5591,-120.9982,20.696669355416745,-14.396669355416744,0.3622,0.307,11.12,High
Stanislaus,2025,7,7.2,37.5591,-120.9982,27.078020877697522,-19.878020877697523,0.3327,0.3239,10.77,High
Stanislaus,2025,8,10.799999999999999,37.5591,-120.9982,28.505056354229044,-17.705056354229043,0.4478,0.3235,14.49,High
Stanislaus,2025,9,12.600000000000001,37.5591,-120.9982,35.35374951093857,-22.75374951093857,0.3464,0.3437,11.9,High
Stanislaus,2025,10,13.5,37.5591,-120.9982,69.18587310650418,-55.685873106504175,0.2251,0.2733,6.15,Moderate
Stanislaus,2025,11,11.700000000000001,37.5591,-120.9982,48.22253651707551,-36.52253651707551,0.2007,0.1844,3.7,Moderate
Stanislaus,2025,12,8.1,37.5591,-120.9982,36.598683588851856,-28.498683588851854,0.1899,0.1532,2.91,Low
Stanislaus,2026,1,0.0,37.5591,-120.9982,13.292287388340396,-13.292287388340396,0.1975,0.1329,2.62,Low
Stanislaus,2026,2,0.0,37.5591,-120.9982,7.209575066276722,-7.209575066276722,0.2058,0.1439,2.96,Low
Stanislaus,2026,3,0.0,37.5591,-120.9982,12.823932811921752,-12.823932811921752,0.1918,0.2099,4.03,Moderate
Tulare,2021,7,18.400000000000002,36.2077,-119.0539,71.63262277822224,-53.232622778222236,0.2541,0.3677,9.34,High
Tulare,2021,8,27.599999999999998,36.2077,-119.0539,51.829652324252926,-24.22965232425293,0.2108,0.3916,8.26,High
Tulare,2021,9,32.2,36.2077,-119.0539,41.76168239577525,-9.56168239577525,0.3214,0.4445,14.29,High
Tulare,2021,10,34.5,36.2077,-119.0539,49.095139889126585,-14.595139889126585,0.3681,0.4159,15.31,Very High
Tulare,2021,11,29.900000000000002,36.2077,-119.0539,44.879508303229066,-14.979508303229064,0.2352,0.3174,7.47,Moderate
Tulare,2021,12,20.7,36.2077,-119.0539,71.29230270590705,-50.592302705907045,0.2466,0.1947,4.8,Moderate
Tulare,2022,1,8.0,36.2077,-119.0539,31.814004802869913,-23.814004802869913,0.2635,0.1462,3.85,Moderate
Tulare,2022,2,6.0,36.2077,-119.0539,21.658088689692622,-15.658088689692622,0.2549,0.1726,4.4,Moderate
Tulare,2022,3,8.0,36.2077,-119.0539,19.398999294068304,-11.398999294068304,0.2367,0.1969,4.66,Moderate
Tulare,2022,4,10.0,36.2077,-119.0539,67.09287464159789,-57.09287464159789,0.2151,0.2262,4.87,Moderate
Tulare,2022,5,12.0,36.2077,-119.0539,72.8610332709813,-60.861033270981295,0.2319,0.2666,6.18,Moderate
Tulare,2022,6,14.000000000000002,36.2077,-119.0539,46.19036330775934,-32.19036330775934,0.3326,0.3251,10.81,High
Tulare,2022,7,16.0,36.2077,-119.0539,69.48008355773636,-53.480083557736364,0.3299,0.3501,11.55,High
Tulare,2022,8,24.0,36.2077,-119.0539,73.99721085096692,-49.99721085096692,0.2437,0.3692,9.0,High
Tulare,2022,9,28.000000000000004,36.2077,-119.0539,40.224123602974736,-12.224123602974732,0.3114,0.4025,12.54,High
Tulare,2022,10,30.0,36.2077,-119.0539,41.906793879900846,-11.906793879900846,0.2444,0.3992,9.76,High
Tulare,2022,11,26.0,36.2077,-119.0539,26.213268524126498,-0.213268524126498,0.2103,0.3218,6.77,Moderate
Tulare,2022,12,18.0,36.2077,-119.0539,94.19119439861612,-76.19119439861612,0.2376,0.1745,4.15,Moderate
Tulare,2023,1,13.6,36.2077,-119.0539,46.84422163073712,-33.244221630737115,0.2543,0.1051,2.67,Low
Tulare,2023,2,10.2,36.2077,-119.0539,18.359645046108277,-8.159645046108277,0.2569,0.1221,3.14,Moderate
Tulare,2023,3,13.6,36.2077,-119.0539,30.161291083538234,-16.561291083538237,0.2373,0.1122,2.66,Low
Tulare,2023,4,17.0,36.2077,-119.0539,37.44512738354507,-20.44512738354507,0.26,0.1427,3.71,Moderate
Tulare,2023,5,20.4,36.2077,-119.0539,56.92316686485349,-36.52316686485349,0.2656,0.2502,6.64,Moderate
Tulare,2023,6,23.8,36.2077,-119.0539,126.58106491175715,-102.78106491175716,0.5172,0.2762,14.28,High
Tulare,2023,7,27.2,36.2077,-119.0539,77.97344193934627,-50.77344193934627,0.3392,0.3186,10.81,High
Tulare,2023,8,40.8,36.2077,-119.0539,119.78734076738199,-78.987340767382,0.3067,0.3626,11.12,High
Tulare,2023,9,47.6,36.2077,-119.0539,106.86866095158831,-59.26866095158831,0.413,0.3384,13.97,High
Tulare,2023,10,51.0,36.2077,-119.0539,92.75927377104057,-41.75927377104057,0.3031,0.3338,10.11,High
Tulare,2023,11,44.2,36.2077,-119.0539,49.56252570201363,-5.362525702013627,0.2214,0.2912,6.45,Moderate
Tulare,2023,12,30.599999999999998,36.2077,-119.0539,51.44287652801185,-20.842876528011853,0.2495,0.2305,5.75,Moderate
Tulare,2024,1,24.0,36.2077,-119.0539,106.38851505150869,-82.38851505150869,0.2545,0.1736,4.42,Moderate
Tulare,2024,2,18.0,36.2077,-119.0539,77.1380324997663,-59.1380324997663,0.2917,0.1177,3.43,Moderate
Tulare,2024,3,24.0,36.2077,-119.0539,46.88065109625138,-22.880651096251377,0.2514,0.1356,3.41,Moderate
Tulare,2024,4,30.0,36.2077,-119.0539,66.66202593368571,-36.66202593368571,0.231,0.1595,3.69,Moderate
Tulare,2024,5,36.0,36.2077,-119.0539,58.110593357533844,-22.110593357533844,0.331,0.2269,7.51,Moderate
Tulare,2024,6,42.00000000000001,36.2077,-119.0539,72.57955946809906,-30.579559468099056,0.4329,0.2932,12.69,High
Tulare,2024,7,48.0,36.2077,-119.0539,111.65962768016202,-63.65962768016202,0.5991,0.3531,21.16,Very High
Tulare,2024,8,72.0,36.2077,-119.0539,62.79075411563804,9.209245884361962,0.4612,0.3911,18.04,Very High
Tulare,2024,9,84.00000000000001,36.2077,-119.0539,53.63485226540566,30.365147734594352,0.603,0.3885,23.43,Very High
Tulare,2024,10,90.0,36.2077,-119.0539,65.77977428267934,24.22022571732066,0.2928,0.3849,11.27,High
Tulare,2024,11,78.0,36.2077,-119.0539,55.40378367085982,22.596216329140177,0.2419,0.345,8.35,High
Tulare,2024,12,54.0,36.2077,-119.0539,91.37534126307919,-37.37534126307919,0.2738,0.1651,4.52,Moderate
Tulare,2025,1,14.84,36.2077,-119.0539,20.87556242394279,-6.035562423942789,0.2649,0.1951,5.17,Moderate
Tulare,2025,2,11.129999999999999,36.2077,-119.0539,13.948977977537922,-2.818977977537923,0.3202,0.1767,5.66,Moderate
Tulare,2025,3,14.84,36.2077,-119.0539,29.75168230329674,-14.91168230329674,0.2923,0.1547,4.52,Moderate
Tulare,2025,4,18.55,36.2077,-119.0539,35.03028397207443,-16.480283972074428,0.2216,0.1928,4.27,Moderate
Tulare,2025,5,22.259999999999998,36.2077,-119.0539,57.908022902311494,-35.648022902311496,0.2538,0.2466,6.26,Moderate
Tulare,2025,6,25.970000000000002,36.2077,-119.0539,45.70264975632949,-19.73264975632949,0.3889,0.3087,12.01,High
Tulare,2025,7,29.68,36.2077,-119.0539,28.59980964053605,1.0801903594639484,0.2695,0.3736,10.07,High
Tulare,2025,8,44.519999999999996,36.2077,-119.0539,52.892313120526815,-8.372313120526819,0.4376,0.3848,16.84,Very High
Tulare,2025,9,51.940000000000005,36.2077,-119.0539,84.73908841823447,-32.79908841823447,0.3997,0.3789,15.15,Very High
Tulare,2025,10,55.65,36.2077,-119.0539,46.09396509276053,9.556034907239471,0.2609,0.3435,8.96,High
Tulare,2025,11,48.230000000000004,36.2077,-119.0539,34.99887405849277,13.231125941507237,0.2246,0.2754,6.19,Moderate
Tulare,2025,12,33.39,36.2077,-119.0539,28.740152657915722,4.6498473420842785,0.2271,0.2416,5.49,Moderate
Tulare,2026,1,0.0,36.2077,-119.0539,66.13615767653509,-66.13615767653509,0.2343,0.1977,4.63,Moderate
Tulare,2026,2,0.0,36.2077,-119.0539,34.765480609145946,-34.765480609145946,0.24,0.221,5.31,Moderate
Tulare,2026,3,0.0,36.2077,-119.0539,62.17887966515591,-62.17887966515591,0.2431,0.2683,6.52,Moderate
