county,year,month,monthly_cases,lat,lon,predicted_cases,residual,predicted_risk
Fresno,2021,7,44.800000000000004,36.7378,-119.7871,19.562820882274924,25.23717911772508,Moderate
Fresno,2021,8,67.2,36.7378,-119.7871,33.68384707827653,33.516152921723474,High
Fresno,2021,9,78.4,36.7378,-119.7871,52.02910335531472,26.37089664468529,High
Fresno,2021,10,84.0,36.7378,-119.7871,43.17371007345132,40.82628992654868,High
Fresno,2021,11,72.8,36.7378,-119.7871,33.14141695976258,39.65858304023742,High
Fresno,2021,12,50.4,36.7378,-119.7871,24.54021725213403,25.859782747865967,Moderate
Fresno,2022,1,20.400000000000002,36.7378,-119.7871,11.46573153970458,8.934268460295423,Moderate
Fresno,2022,2,15.299999999999999,36.7378,-119.7871,24.56717551538597,-9.26717551538597,Moderate
Fresno,2022,3,20.400000000000002,36.7378,-119.7871,17.409013193933077,2.9909868060669247,Moderate
Fresno,2022,4,25.5,36.7378,-119.7871,10.159135904057562,15.340864095942438,Moderate
Fresno,2022,5,30.599999999999998,36.7378,-119.7871,7.012827070417492,23.587172929582508,Low
Fresno,2022,6,35.7,36.7378,-119.7871,5.9630668078709625,29.73693319212904,Low
Fresno,2022,7,40.800000000000004,36.7378,-119.7871,19.62335785038781,21.176642149612196,Moderate
Fresno,2022,8,61.199999999999996,36.7378,-119.7871,81.13240843081435,-19.932408430814355,Very High
Fresno,2022,9,71.4,36.7378,-119.7871,17.841300092463246,53.55869990753676,Moderate
Fresno,2022,10,76.5,36.7378,-119.7871,35.76843709494918,40.73156290505082,High
Fresno,2022,11,66.3,36.7378,-119.7871,31.034454149812905,35.265545850187095,High
Fresno,2022,12,45.9,36.7378,-119.7871,115.10415604220337,-69.20415604220338,Very High
Fresno,2023,1,16.0,36.7378,-119.7871,18.70478476704123,-2.704784767041229,Moderate
Fresno,2023,2,12.0,36.7378,-119.7871,6.522015095095433,5.477984904904567,Low
Fresno,2023,3,16.0,36.7378,-119.7871,9.72936738704626,6.27063261295374,Low
Fresno,2023,4,20.0,36.7378,-119.7871,14.34624541474525,5.653754585254751,Moderate
Fresno,2023,5,24.0,36.7378,-119.7871,7.2108786501423925,16.78912134985761,Low
Fresno,2023,6,28.000000000000004,36.7378,-119.7871,9.302541788121198,18.697458211878804,Low
Fresno,2023,7,32.0,36.7378,-119.7871,22.27133345277194,9.728666547228059,Moderate
Fresno,2023,8,48.0,36.7378,-119.7871,34.49115280138988,13.50884719861012,High
Fresno,2023,9,56.00000000000001,36.7378,-119.7871,55.07818426845509,0.9218157315449176,High
Fresno,2023,10,60.0,36.7378,-119.7871,41.822927211039016,18.177072788960984,High
Fresno,2023,11,52.0,36.7378,-119.7871,42.01954540286992,9.980454597130077,High
Fresno,2023,12,36.0,36.7378,-119.7871,25.877768150043806,10.122231849956194,Moderate
Fresno,2024,1,36.0,36.7378,-119.7871,20.43138411728076,15.56861588271924,Moderate
Fresno,2024,2,27.0,36.7378,-119.7871,20.648707080842037,6.351292919157963,Moderate
Fresno,2024,3,36.0,36.7378,-119.7871,9.621626565832434,26.378373434167564,Low
Fresno,2024,4,45.0,36.7378,-119.7871,9.687185901529352,35.312814098470646,Low
Fresno,2024,5,54.0,36.7378,-119.7871,11.79748640668597,42.20251359331403,Moderate
Fresno,2024,6,63.00000000000001,36.7378,-119.7871,25.513286552626322,37.48671344737369,Moderate
Fresno,2024,7,72.0,36.7378,-119.7871,70.70104034361476,1.298959656385236,High
Fresno,2024,8,108.0,36.7378,-119.7871,32.176800868685106,75.8231991313149,High
Fresno,2024,9,126.00000000000001,36.7378,-119.7871,63.342366187232884,62.65763381276713,High
Fresno,2024,10,135.0,36.7378,-119.7871,24.090124492458195,110.90987550754181,Moderate
Fresno,2024,11,117.0,36.7378,-119.7871,34.68694469854675,82.31305530145325,High
Fresno,2024,12,81.0,36.7378,-119.7871,29.81014760608155,51.18985239391845,Moderate
Fresno,2025,1,23.04,36.7378,-119.7871,11.667286297863637,11.372713702136362,Moderate
Fresno,2025,2,17.28,36.7378,-119.7871,8.857503750932613,8.422496249067388,Low
Fresno,2025,3,23.04,36.7378,-119.7871,10.516782403095583,12.523217596904416,Moderate
Fresno,2025,4,28.8,36.7378,-119.7871,26.90620897910782,1.8937910208921807,Moderate
Fresno,2025,5,34.56,36.7378,-119.7871,84.46481736786863,-49.90481736786863,Very High
Fresno,2025,6,40.32000000000001,36.7378,-119.7871,78.8833224446349,-38.56332244463489,High
Fresno,2025,7,46.08,36.7378,-119.7871,52.70589181493012,-6.625891814930121,High
Fresno,2025,8,69.12,36.7378,-119.7871,165.01179891732068,-95.89179891732067,Very High
Fresno,2025,9,80.64000000000001,36.7378,-119.7871,255.70962011282478,-175.06962011282477,Very High
Fresno,2025,10,86.39999999999999,36.7378,-119.7871,115.89494747788802,-29.494947477888033,Very High
Fresno,2025,11,74.88,36.7378,-119.7871,78.01566946674986,-3.13566946674986,High
Fresno,2025,12,51.839999999999996,36.7378,-119.7871,35.9526040909392,15.8873959090608,High
Fresno,2026,1,0.0,36.7378,-119.7871,23.31555761180446,-23.31555761180446,Moderate
Fresno,2026,2,0.0,36.7378,-119.7871,12.26380648875389,-12.26380648875389,Moderate
Fresno,2026,3,0.0,36.7378,-119.7871,28.272368642180087,-28.272368642180087,Moderate
Kern,2021,7,243.6,35.3433,-118.7279,22.447370642028726,221.15262935797128,Moderate
Kern,2021,8,365.4,35.3433,-118.7279,38.02039827491553,327.37960172508446,High
Kern,2021,9,426.30000000000007,35.3433,-118.7279,45.57984809342163,380.72015190657845,High
Kern,2021,10,456.75,35.3433,-118.7279,40.041639632380004,416.70836036762,High
Kern,2021,11,395.85,35.3433,-118.7279,39.99335979735908,355.85664020264096,High
Kern,2021,12,274.05,35.3433,-118.7279,22.835868806504223,251.2141311934958,Moderate
Kern,2022,1,96.28,35.3433,-118.7279,6.658420335300217,89.62157966469978,Low
Kern,2022,2,72.21,35.3433,-118.7279,5.712623238704279,66.49737676129571,Low
Kern,2022,3,96.28,35.3433,-118.7279,5.6174218586451214,90.66257814135489,Low
Kern,2022,4,120.35000000000001,35.3433,-118.7279,8.601801737081585,111.74819826291842,Low
Kern,2022,5,144.42,35.3433,-118.7279,18.200304219896267,126.21969578010372,Moderate
Kern,2022,6,168.49,35.3433,-118.7279,20.719900329372212,147.7700996706278,Moderate
Kern,2022,7,192.56,35.3433,-118.7279,26.516296270056635,166.04370372994336,Moderate
Kern,2022,8,288.84,35.3433,-118.7279,32.92944851989575,255.91055148010423,High
Kern,2022,9,336.98,35.3433,-118.7279,39.67486729386646,297.3051327061336,High
Kern,2022,10,361.05,35.3433,-118.7279,36.877775993587164,324.1722240064129,High
Kern,2022,11,312.91,35.3433,-118.7279,27.769720675547077,285.14027932445293,Moderate
Kern,2022,12,216.63,35.3433,-118.7279,16.246235826769972,200.38376417323002,Moderate
Kern,2023,1,126.08,35.3433,-118.7279,5.793869760101007,120.286130239899,Low
Kern,2023,2,94.56,35.3433,-118.7279,4.778286134698635,89.78171386530137,Low
Kern,2023,3,126.08,35.3433,-118.7279,6.79041913133829,119.28958086866172,Low
Kern,2023,4,157.60000000000002,35.3433,-118.7279,10.44189845588736,147.15810154411267,Moderate
Kern,2023,5,189.12,35.3433,-118.7279,19.01914380622105,170.10085619377895,Moderate
Kern,2023,6,220.64000000000001,35.3433,-118.7279,17.965292231475974,202.67470776852403,Moderate
Kern,2023,7,252.16,35.3433,-118.7279,12.40156296450299,239.758437035497,Moderate
Kern,2023,8,378.24,35.3433,-118.7279,19.59126028223745,358.64873971776257,Moderate
Kern,2023,9,441.28000000000003,35.3433,-118.7279,17.361992521649828,423.9180074783502,Moderate
Kern,2023,10,472.79999999999995,35.3433,-118.7279,21.13564374974546,451.6643562502545,Moderate
Kern,2023,11,409.76,35.3433,-118.7279,24.308226854459626,385.45177314554036,Moderate
Kern,2023,12,283.68,35.3433,-118.7279,16.390046478555437,267.28995352144455,Moderate
Kern,2024,1,159.6,35.3433,-118.7279,11.875153343383076,147.72484665661693,Moderate
Kern,2024,2,119.69999999999999,35.3433,-118.7279,12.955166860531069,106.74483313946892,Moderate
Kern,2024,3,159.6,35.3433,-118.7279,10.579826436343188,149.0201735636568,Moderate
Kern,2024,4,199.5,35.3433,-118.7279,11.61178775171817,187.88821224828183,Moderate
Kern,2024,5,239.39999999999998,35.3433,-118.7279,14.668038648713328,224.73196135128666,Moderate
Kern,2024,6,279.3,35.3433,-118.7279,15.623271027300309,263.6767289726997,Moderate
Kern,2024,7,319.2,35.3433,-118.7279,22.528662748572906,296.6713372514271,Moderate
Kern,2024,8,478.79999999999995,35.3433,-118.7279,32.52344878241886,446.2765512175811,High
Kern,2024,9,558.6,35.3433,-118.7279,28.95735243172298,529.6426475682771,Moderate
Kern,2024,10,598.5,35.3433,-118.7279,24.264871598738456,574.2351284012616,Moderate
Kern,2024,11,518.7,35.3433,-118.7279,17.057539112449174,501.6424608875509,Moderate
Kern,2024,12,359.09999999999997,35.3433,-118.7279,27.116683683866416,331.98331631613354,Moderate
Kern,2025,1,72.0,35.3433,-118.7279,8.99641644214775,63.00358355785225,Low
Kern,2025,2,54.0,35.3433,-118.7279,10.176276627200968,43.82372337279903,Moderate
Kern,2025,3,72.0,35.3433,-118.7279,9.077637053917464,62.922362946082536,Low
Kern,2025,4,90.0,35.3433,-118.7279,10.693511493051501,79.3064885069485,Moderate
Kern,2025,5,108.0,35.3433,-118.7279,13.184337358146,94.815662641854,Moderate
Kern,2025,6,126.00000000000001,35.3433,-118.7279,14.414294952491456,111.58570504750855,Moderate
Kern,2025,7,144.0,35.3433,-118.7279,16.03886084652961,127.96113915347038,Moderate
Kern,2025,8,216.0,35.3433,-118.7279,15.591241419122948,200.40875858087705,Moderate
Kern,2025,9,252.00000000000003,35.3433,-118.7279,15.163255679422448,236.83674432057757,Moderate
Kern,2025,10,270.0,35.3433,-118.7279,14.358384560605517,255.64161543939449,Moderate
Kern,2025,11,234.0,35.3433,-118.7279,29.494045626695094,204.50595437330492,Moderate
Kern,2025,12,162.0,35.3433,-118.7279,14.376501218520795,147.6234987814792,Moderate
Kern,2026,1,0.0,35.3433,-118.7279,3.6555020472671544,-3.6555020472671544,Low
Kern,2026,2,0.0,35.3433,-118.7279,7.434076470835945,-7.434076470835945,Low
Kern,2026,3,0.0,35.3433,-118.7279,7.055421961598946,-7.055421961598946,Low
Kings,2021,7,9.6,36.0748,-119.8154,59.251045809506174,-49.65104580950617,High
Kings,2021,8,14.399999999999999,36.0748,-119.8154,84.01873079904118,-69.61873079904117,Very High
Kings,2021,9,16.8,36.0748,-119.8154,86.67179740212124,-69.87179740212125,Very High
Kings,2021,10,18.0,36.0748,-119.8154,103.34978039974054,-85.34978039974054,Very High
Kings,2021,11,15.600000000000001,36.0748,-119.8154,70.91100747786291,-55.31100747786291,High
Kings,2021,12,10.799999999999999,36.0748,-119.8154,38.43659340081086,-27.63659340081086,High
Kings,2022,1,4.6000000000000005,36.0748,-119.8154,112.58593941093105,-107.98593941093105,Very High
Kings,2022,2,3.4499999999999997,36.0748,-119.8154,85.97855277259387,-82.52855277259387,Very High
Kings,2022,3,4.6000000000000005,36.0748,-119.8154,78.68328900998864,-74.08328900998865,High
Kings,2022,4,5.75,36.0748,-119.8154,69.33788312938141,-63.58788312938141,High
Kings,2022,5,6.8999999999999995,36.0748,-119.8154,29.81158609565076,-22.91158609565076,Moderate
Kings,2022,6,8.05,36.0748,-119.8154,55.38398902616677,-47.333989026166776,High
Kings,2022,7,9.200000000000001,36.0748,-119.8154,53.31959477711757,-44.11959477711757,High
Kings,2022,8,13.799999999999999,36.0748,-119.8154,80.79081274879489,-66.9908127487949,Very High
Kings,2022,9,16.1,36.0748,-119.8154,62.79567379530425,-46.69567379530425,High
Kings,2022,10,17.25,36.0748,-119.8154,71.84649926252212,-54.596499262522116,High
Kings,2022,11,14.950000000000001,36.0748,-119.8154,73.50395316223681,-58.55395316223681,High
Kings,2022,12,10.35,36.0748,-119.8154,40.371626230398896,-30.021626230398894,High
Kings,2023,1,6.0,36.0748,-119.8154,26.195175852235508,-20.195175852235508,Moderate
Kings,2023,2,4.5,36.0748,-119.8154,22.443736501037233,-17.943736501037233,Moderate
Kings,2023,3,6.0,36.0748,-119.8154,17.05351842220231,-11.053518422202309,Moderate
Kings,2023,4,7.5,36.0748,-119.8154,33.75097960652529,-26.25097960652529,High
Kings,2023,5,9.0,36.0748,-119.8154,43.08580019343782,-34.08580019343782,High
Kings,2023,6,10.500000000000002,36.0748,-119.8154,98.20894866013458,-87.70894866013458,Very High
Kings,2023,7,12.0,36.0748,-119.8154,61.370323253375645,-49.370323253375645,High
Kings,2023,8,18.0,36.0748,-119.8154,64.41863778997686,-46.418637789976856,High
Kings,2023,9,21.000000000000004,36.0748,-119.8154,53.243199543854715,-32.243199543854715,High
Kings,2023,10,22.5,36.0748,-119.8154,58.69643518514501,-36.19643518514501,High
Kings,2023,11,19.5,36.0748,-119.8154,54.71640148210945,-35.21640148210945,High
Kings,2023,12,13.5,36.0748,-119.8154,35.50551037381093,-22.005510373810928,High
Kings,2024,1,8.4,36.0748,-119.8154,42.675855121759575,-34.27585512175958,High
Kings,2024,2,6.3,36.0748,-119.8154,24.152126150052297,-17.852126150052296,Moderate
Kings,2024,3,8.4,36.0748,-119.8154,18.232309849310134,-9.832309849310134,Moderate
Kings,2024,4,10.5,36.0748,-119.8154,29.331407952918095,-18.831407952918095,Moderate
Kings,2024,5,12.6,36.0748,-119.8154,60.67771830734616,-48.07771830734616,High
Kings,2024,6,14.700000000000001,36.0748,-119.8154,63.31987857020511,-48.61987857020511,High
Kings,2024,7,16.8,36.0748,-119.8154,100.08631965167518,-83.28631965167519,Very High
Kings,2024,8,25.2,36.0748,-119.8154,90.59308699729561,-65.39308699729561,Very High
Kings,2024,9,29.400000000000002,36.0748,-119.8154,65.48421579900086,-36.08421579900086,High
Kings,2024,10,31.5,36.0748,-119.8154,98.87069267273624,-67.37069267273624,Very High
Kings,2024,11,27.3,36.0748,-119.8154,52.88131599614317,-25.58131599614317,High
Kings,2024,12,18.9,36.0748,-119.8154,72.4259755295842,-53.52597552958421,High
Kings,2025,1,4.8,36.0748,-119.8154,75.62000048062471,-70.82000048062471,High
Kings,2025,2,3.5999999999999996,36.0748,-119.8154,37.911178291156084,-34.31117829115608,High
Kings,2025,3,4.8,36.0748,-119.8154,12.296237592168374,-7.496237592168375,Moderate
Kings,2025,4,6.0,36.0748,-119.8154,36.46844811886015,-30.468448118860152,High
Kings,2025,5,7.199999999999999,36.0748,-119.8154,32.57371680737595,-25.373716807375953,High
Kings,2025,6,8.4,36.0748,-119.8154,67.45681590577921,-59.05681590577921,High
Kings,2025,7,9.6,36.0748,-119.8154,117.83070757131748,-108.23070757131748,Very High
Kings,2025,8,14.399999999999999,36.0748,-119.8154,27.492445776113556,-13.092445776113557,Moderate
Kings,2025,9,16.8,36.0748,-119.8154,29.432228255006798,-12.632228255006797,Moderate
Kings,2025,10,18.0,36.0748,-119.8154,39.79002924854593,-21.790029248545927,High
Kings,2025,11,15.600000000000001,36.0748,-119.8154,62.08912644957797,-46.48912644957797,High
Kings,2025,12,10.799999999999999,36.0748,-119.8154,63.19965001245536,-52.39965001245536,High
Kings,2026,1,0.0,36.0748,-119.8154,31.57504841216476,-31.57504841216476,High
Kings,2026,2,0.0,36.0748,-119.8154,28.602198343799213,-28.602198343799213,Moderate
Kings,2026,3,0.0,36.0748,-119.8154,42.84792788499025,-42.84792788499025,High
Madera,2021,7,3.04,37.218,-119.7573,93.97846735276785,-90.93846735276784,Very High
Madera,2021,8,4.56,37.218,-119.7573,83.38977096221537,-78.82977096221536,Very High
Madera,2021,9,5.32,37.218,-119.7573,94.01872577159509,-88.6987257715951,Very High
Madera,2021,10,5.7,37.218,-119.7573,70.68246641121479,-64.98246641121479,High
Madera,2021,11,4.94,37.218,-119.7573,99.86895215626423,-94.92895215626423,Very High
Madera,2021,12,3.42,37.218,-119.7573,96.98795474065486,-93.56795474065486,Very High
Madera,2022,1,1.4000000000000001,37.218,-119.7573,22.398115876332444,-20.998115876332445,Moderate
Madera,2022,2,1.05,37.218,-119.7573,16.393220912771678,-15.343220912771677,Moderate
Madera,2022,3,1.4000000000000001,37.218,-119.7573,16.144850510614322,-14.744850510614322,Moderate
Madera,2022,4,1.75,37.218,-119.7573,85.08184187962497,-83.33184187962497,Very High
Madera,2022,5,2.1,37.218,-119.7573,79.24209117162076,-77.14209117162076,High
Madera,2022,6,2.45,37.218,-119.7573,57.59742560381635,-55.147425603816345,High
Madera,2022,7,2.8000000000000003,37.218,-119.7573,92.0289225287877,-89.2289225287877,Very High
Madera,2022,8,4.2,37.218,-119.7573,102.31628404992543,-98.11628404992543,Very High
Madera,2022,9,4.9,37.218,-119.7573,111.35188232475092,-106.45188232475091,Very High
Madera,2022,10,5.25,37.218,-119.7573,107.80923313730722,-102.55923313730722,Very High
Madera,2022,11,4.55,37.218,-119.7573,103.1922513732966,-98.6422513732966,Very High
Madera,2022,12,3.15,37.218,-119.7573,85.55303574292188,-82.40303574292187,Very High
Madera,2023,1,2.2,37.218,-119.7573,31.142313097898896,-28.942313097898897,High
Madera,2023,2,1.65,37.218,-119.7573,52.41286546015518,-50.76286546015518,High
Madera,2023,3,2.2,37.218,-119.7573,39.66391557993515,-37.46391557993515,High
Madera,2023,4,2.75,37.218,-119.7573,108.09549934930217,-105.34549934930217,Very High
Madera,2023,5,3.3,37.218,-119.7573,116.64435048279265,-113.34435048279265,Very High
Madera,2023,6,3.8500000000000005,37.218,-119.7573,116.54272104621637,-112.69272104621638,Very High
Madera,2023,7,4.4,37.218,-119.7573,166.2409854010682,-161.8409854010682,Very High
Madera,2023,8,6.6,37.218,-119.7573,185.40361399358278,-178.8036139935828,Very High
Madera,2023,9,7.700000000000001,37.218,-119.7573,203.36531888460493,-195.66531888460494,Very High
Madera,2023,10,8.25,37.218,-119.7573,142.2780543854355,-134.0280543854355,Very High
Madera,2023,11,7.15,37.218,-119.7573,67.01818029509346,-59.86818029509346,High
Madera,2023,12,4.95,37.218,-119.7573,88.1999824548265,-83.2499824548265,Very High
Madera,2024,1,3.2,37.218,-119.7573,57.77498243451016,-54.574982434510154,High
Madera,2024,2,2.4,37.218,-119.7573,85.82038117474029,-83.42038117474029,Very High
Madera,2024,3,3.2,37.218,-119.7573,81.02734724816854,-77.82734724816854,Very High
Madera,2024,4,4.0,37.218,-119.7573,111.48487504302278,-107.48487504302278,Very High
Madera,2024,5,4.8,37.218,-119.7573,94.31804695032147,-89.51804695032148,Very High
Madera,2024,6,5.6000000000000005,37.218,-119.7573,95.19672962817648,-89.59672962817649,Very High
Madera,2024,7,6.4,37.218,-119.7573,184.59697170129874,-178.19697170129874,Very High
Madera,2024,8,9.6,37.218,-119.7573,201.51241309163072,-191.91241309163073,Very High
Madera,2024,9,11.200000000000001,37.218,-119.7573,146.8409598415522,-135.64095984155222,Very High
Madera,2024,10,12.0,37.218,-119.7573,133.78557200159491,-121.78557200159491,Very High
Madera,2024,11,10.4,37.218,-119.7573,137.57922840835403,-127.17922840835402,Very High
Madera,2024,12,7.199999999999999,37.218,-119.7573,89.2808917186108,-82.0808917186108,Very High
Madera,2025,1,2.0,37.218,-119.7573,19.794642063896248,-17.794642063896248,Moderate
Madera,2025,2,1.5,37.218,-119.7573,11.924965988209685,-10.424965988209685,Moderate
Madera,2025,3,2.0,37.218,-119.7573,16.207245345240466,-14.207245345240466,Moderate
Madera,2025,4,2.5,37.218,-119.7573,82.17846934435238,-79.67846934435238,Very High
Madera,2025,5,3.0,37.218,-119.7573,110.22604981500173,-107.22604981500173,Very High
Madera,2025,6,3.5000000000000004,37.218,-119.7573,64.42187046051694,-60.92187046051694,High
Madera,2025,7,4.0,37.218,-119.7573,55.58003827569616,-51.58003827569616,High
Madera,2025,8,6.0,37.218,-119.7573,46.36299348222803,-40.36299348222803,High
Madera,2025,9,7.000000000000001,37.218,-119.7573,90.8913109826553,-83.8913109826553,Very High
Madera,2025,10,7.5,37.218,-119.7573,113.5957653295675,-106.0957653295675,Very High
Madera,2025,11,6.5,37.218,-119.7573,80.87368199420476,-74.37368199420476,Very High
Madera,2025,12,4.5,37.218,-119.7573,30.092757048704637,-25.592757048704637,High
Madera,2026,1,0.0,37.218,-119.7573,16.531256625965092,-16.531256625965092,Moderate
Madera,2026,2,0.0,37.218,-119.7573,11.350415945098932,-11.350415945098932,Moderate
Madera,2026,3,0.0,37.218,-119.7573,20.416677133928584,-20.416677133928584,Moderate
Merced,2021,7,5.2,37.1913,-120.7151,18.25285729841793,-13.05285729841793,Moderate
Merced,2021,8,7.8,37.1913,-120.7151,39.956823423680355,-32.15682342368036,High
Merced,2021,9,9.100000000000001,37.1913,-120.7151,39.840928006780025,-30.740928006780024,High
Merced,2021,10,9.75,37.1913,-120.7151,42.022816515173844,-32.272816515173844,High
Merced,2021,11,8.450000000000001,37.1913,-120.7151,39.546176430987344,-31.09617643098734,High
Merced,2021,12,5.85,37.1913,-120.7151,30.96378633518044,-25.113786335180443,High
Merced,2022,1,2.2,37.1913,-120.7151,15.869110482341156,-13.669110482341157,Moderate
Merced,2022,2,1.65,37.1913,-120.7151,47.86231034648234,-46.21231034648234,High
Merced,2022,3,2.2,37.1913,-120.7151,38.87733008876823,-36.67733008876823,High
Merced,2022,4,2.75,37.1913,-120.7151,15.65633996787638,-12.90633996787638,Moderate
Merced,2022,5,3.3,37.1913,-120.7151,12.974854102407132,-9.674854102407132,Moderate
Merced,2022,6,3.8500000000000005,37.1913,-120.7151,12.409242916140233,-8.559242916140231,Moderate
Merced,2022,7,4.4,37.1913,-120.7151,17.93732875538314,-13.537328755383141,Moderate
Merced,2022,8,6.6,37.1913,-120.7151,123.08271287134826,-116.48271287134827,Very High
Merced,2022,9,7.700000000000001,37.1913,-120.7151,153.0641758734944,-145.36417587349442,Very High
Merced,2022,10,8.25,37.1913,-120.7151,45.4693200588213,-37.2193200588213,High
Merced,2022,11,7.15,37.1913,-120.7151,76.99674436293284,-69.84674436293284,High
Merced,2022,12,4.95,37.1913,-120.7151,41.557411762864405,-36.6074117628644,High
Merced,2023,1,3.6,37.1913,-120.7151,10.066832682627492,-6.4668326826274924,Moderate
Merced,2023,2,2.6999999999999997,37.1913,-120.7151,9.611870467852292,-6.911870467852292,Low
Merced,2023,3,3.6,37.1913,-120.7151,9.519867029410527,-5.919867029410527,Low
Merced,2023,4,4.5,37.1913,-120.7151,35.651502400327466,-31.151502400327466,High
Merced,2023,5,5.3999999999999995,37.1913,-120.7151,23.34303721976117,-17.943037219761173,Moderate
Merced,2023,6,6.300000000000001,37.1913,-120.7151,17.73691913633562,-11.436919136335618,Moderate
Merced,2023,7,7.2,37.1913,-120.7151,22.52598755895626,-15.32598755895626,Moderate
Merced,2023,8,10.799999999999999,37.1913,-120.7151,43.38112997836675,-32.581129978366754,High
Merced,2023,9,12.600000000000001,37.1913,-120.7151,67.2728759160927,-54.6728759160927,High
Merced,2023,10,13.5,37.1913,-120.7151,44.76486339330154,-31.26486339330154,High
Merced,2023,11,11.700000000000001,37.1913,-120.7151,61.51266578452754,-49.81266578452754,High
Merced,2023,12,8.1,37.1913,-120.7151,32.98647888855874,-24.88647888855874,High
Merced,2024,1,5.6000000000000005,37.1913,-120.7151,27.268312038396644,-21.668312038396643,Moderate
Merced,2024,2,4.2,37.1913,-120.7151,24.368620492643164,-20.168620492643164,Moderate
Merced,2024,3,5.6000000000000005,37.1913,-120.7151,13.331943508618526,-7.731943508618525,Moderate
Merced,2024,4,7.0,37.1913,-120.7151,24.62828613348881,-17.62828613348881,Moderate
Merced,2024,5,8.4,37.1913,-120.7151,27.685490161330566,-19.285490161330564,Moderate
Merced,2024,6,9.8,37.1913,-120.7151,31.657883029882015,-21.857883029882014,High
Merced,2024,7,11.200000000000001,37.1913,-120.7151,42.14758803081826,-30.94758803081826,High
Merced,2024,8,16.8,37.1913,-120.7151,83.10964026926575,-66.30964026926576,Very High
Merced,2024,9,19.6,37.1913,-120.7151,79.24500661310964,-59.645006613109636,High
Merced,2024,10,21.0,37.1913,-120.7151,68.11352030403062,-47.113520304030615,High
Merced,2024,11,18.2,37.1913,-120.7151,66.35800705947096,-48.15800705947096,High
Merced,2024,12,12.6,37.1913,-120.7151,39.9990288906803,-27.3990288906803,High
Merced,2025,1,4.0,37.1913,-120.7151,19.218204921968866,-15.218204921968866,Moderate
Merced,2025,2,3.0,37.1913,-120.7151,10.70826923657526,-7.70826923657526,Moderate
Merced,2025,3,4.0,37.1913,-120.7151,13.72461347434525,-9.72461347434525,Moderate
Merced,2025,4,5.0,37.1913,-120.7151,27.197493203454183,-22.197493203454183,Moderate
Merced,2025,5,6.0,37.1913,-120.7151,31.364348977475593,-25.364348977475593,High
Merced,2025,6,7.000000000000001,37.1913,-120.7151,30.1626238723167,-23.1626238723167,High
Merced,2025,7,8.0,37.1913,-120.7151,31.87254619518238,-23.87254619518238,High
Merced,2025,8,12.0,37.1913,-120.7151,29.608316143892562,-17.608316143892562,Moderate
Merced,2025,9,14.000000000000002,37.1913,-120.7151,35.133592035685474,-21.133592035685474,High
Merced,2025,10,15.0,37.1913,-120.7151,53.87573511982897,-38.87573511982897,High
Merced,2025,11,13.0,37.1913,-120.7151,55.29296243028816,-42.29296243028816,High
Merced,2025,12,9.0,37.1913,-120.7151,59.665655644354764,-50.665655644354764,High
Merced,2026,1,0.0,37.1913,-120.7151,58.790781195374365,-58.790781195374365,High
Merced,2026,2,0.0,37.1913,-120.7151,49.580104343596794,-49.580104343596794,High
Merced,2026,3,0.0,37.1913,-120.7151,45.53170491134234,-45.53170491134234,High
San Joaquin,2021,7,6.8,37.9317,-121.2717,49.87647085545811,-43.07647085545811,High
San Joaquin,2021,8,10.2,37.9317,-121.2717,105.18856410064126,-94.98856410064126,Very High
San Joaquin,2021,9,11.9,37.9317,-121.2717,100.82417733254827,-88.92417733254827,Very High
San Joaquin,2021,10,12.75,37.9317,-121.2717,181.19233358771052,-168.44233358771052,Very High
San Joaquin,2021,11,11.05,37.9317,-121.2717,214.48082668887164,-203.43082668887163,Very High
San Joaquin,2021,12,7.6499999999999995,37.9317,-121.2717,53.27623114715106,-45.62623114715106,High
San Joaquin,2022,1,3.2,37.9317,-121.2717,26.956062932567605,-23.756062932567605,Moderate
San Joaquin,2022,2,2.4,37.9317,-121.2717,28.908918982189284,-26.508918982189286,Moderate
San Joaquin,2022,3,3.2,37.9317,-121.2717,36.719193264885675,-33.51919326488567,High
San Joaquin,2022,4,4.0,37.9317,-121.2717,28.99428233984652,-24.99428233984652,Moderate
San Joaquin,2022,5,4.8,37.9317,-121.2717,46.987521315198684,-42.18752131519869,High
San Joaquin,2022,6,5.6000000000000005,37.9317,-121.2717,49.04942677139011,-43.44942677139011,High
San Joaquin,2022,7,6.4,37.9317,-121.2717,44.859634035625874,-38.459634035625875,High
San Joaquin,2022,8,9.6,37.9317,-121.2717,49.950902220715655,-40.35090222071565,High
San Joaquin,2022,9,11.200000000000001,37.9317,-121.2717,58.94018952066208,-47.74018952066208,High
San Joaquin,2022,10,12.0,37.9317,-121.2717,130.04753152107838,-118.04753152107838,Very High
San Joaquin,2022,11,10.4,37.9317,-121.2717,113.0099048463484,-102.6099048463484,Very High
San Joaquin,2022,12,7.199999999999999,37.9317,-121.2717,61.15842454705412,-53.95842454705412,High
San Joaquin,2023,1,6.2,37.9317,-121.2717,40.771033926273915,-34.57103392627391,High
San Joaquin,2023,2,4.6499999999999995,37.9317,-121.2717,31.606593809369954,-26.956593809369956,High
San Joaquin,2023,3,6.2,37.9317,-121.2717,42.29703373920223,-36.097033739202224,High
San Joaquin,2023,4,7.75,37.9317,-121.2717,44.55950580402236,-36.80950580402236,High
San Joaquin,2023,5,9.299999999999999,37.9317,-121.2717,31.323293686752546,-22.023293686752545,High
San Joaquin,2023,6,10.850000000000001,37.9317,-121.2717,46.16599605922148,-35.315996059221476,High
San Joaquin,2023,7,12.4,37.9317,-121.2717,55.64987247772696,-43.24987247772696,High
San Joaquin,2023,8,18.599999999999998,37.9317,-121.2717,61.57855312951737,-42.978553129517366,High
San Joaquin,2023,9,21.700000000000003,37.9317,-121.2717,64.50240008763896,-42.80240008763896,High
San Joaquin,2023,10,23.25,37.9317,-121.2717,125.22155608258856,-101.97155608258856,Very High
San Joaquin,2023,11,20.150000000000002,37.9317,-121.2717,94.3618077034828,-74.21180770348279,Very High
San Joaquin,2023,12,13.95,37.9317,-121.2717,59.981428161035204,-46.03142816103521,High
San Joaquin,2024,1,9.56,37.9317,-121.2717,35.62271593393606,-26.062715933936055,High
San Joaquin,2024,2,7.17,37.9317,-121.2717,37.045431866350214,-29.875431866350212,High
San Joaquin,2024,3,9.56,37.9317,-121.2717,42.6169895755646,-33.0569895755646,High
San Joaquin,2024,4,11.950000000000001,37.9317,-121.2717,44.94917868860301,-32.99917868860301,High
San Joaquin,2024,5,14.34,37.9317,-121.2717,28.086239789241453,-13.746239789241454,Moderate
San Joaquin,2024,6,16.73,37.9317,-121.2717,44.294466395063836,-27.564466395063835,High
San Joaquin,2024,7,19.12,37.9317,-121.2717,45.2916350760672,-26.1716350760672,High
San Joaquin,2024,8,28.68,37.9317,-121.2717,49.83927995632584,-21.15927995632584,High
San Joaquin,2024,9,33.46,37.9317,-121.2717,69.76790855607112,-36.30790855607112,High
San Joaquin,2024,10,35.85,37.9317,-121.2717,155.85565307864354,-120.00565307864355,Very High
San Joaquin,2024,11,31.07,37.9317,-121.2717,108.27935658787077,-77.20935658787076,Very High
San Joaquin,2024,12,21.509999999999998,37.9317,-121.2717,55.51180628077429,-34.00180628077429,High
San Joaquin,2025,1,10.88,37.9317,-121.2717,33.42733395115502,-22.547333951155018,High
San Joaquin,2025,2,8.16,37.9317,-121.2717,32.23047583972773,-24.07047583972773,High
San Joaquin,2025,3,10.88,37.9317,-121.2717,29.34935478518321,-18.469354785183207,Moderate
San Joaquin,2025,4,13.600000000000001,37.9317,-121.2717,52.592169043687825,-38.992169043687824,High
San Joaquin,2025,5,16.32,37.9317,-121.2717,35.49980669502731,-19.17980669502731,High
San Joaquin,2025,6,19.040000000000003,37.9317,-121.2717,60.94006715474231,-41.9000671547423,High
San Joaquin,2025,7,21.76,37.9317,-121.2717,53.969762641279765,-32.20976264127977,High
San Joaquin,2025,8,32.64,37.9317,-121.2717,69.4456190319841,-36.805619031984094,High
San Joaquin,2025,9,38.080000000000005,37.9317,-121.2717,133.90771728590846,-95.82771728590845,Very High
San Joaquin,2025,10,40.8,37.9317,-121.2717,62.77026122181087,-21.970261221810873,High
San Joaquin,2025,11,35.36,37.9317,-121.2717,62.83745285597572,-27.47745285597572,High
San Joaquin,2025,12,24.48,37.9317,-121.2717,56.61888178685606,-32.13888178685606,High
San Joaquin,2026,1,0.0,37.9317,-121.2717,18.288992544802323,-18.288992544802323,Moderate
San Joaquin,2026,2,0.0,37.9317,-121.2717,22.853018613207258,-22.853018613207258,Moderate
San Joaquin,2026,3,0.0,37.9317,-121.2717,25.922163271893336,-25.922163271893336,Moderate
Stanislaus,2021,7,4.4,37.5591,-120.9982,19.098701062996362,-14.698701062996362,Moderate
Stanislaus,2021,8,6.6,37.5591,-120.9982,47.33171541966397,-40.73171541966397,High
Stanislaus,2021,9,7.700000000000001,37.5591,-120.9982,47.55840910481524,-39.85840910481524,High
Stanislaus,2021,10,8.25,37.5591,-120.9982,55.740916870982936,-47.490916870982936,High
Stanislaus,2021,11,7.15,37.5591,-120.9982,62.35649368988474,-55.206493689884745,High
Stanislaus,2021,12,4.95,37.5591,-120.9982,41.918802781885034,-36.96880278188503,High
Stanislaus,2022,1,2.0,37.5591,-120.9982,13.572046607598308,-11.572046607598308,Moderate
Stanislaus,2022,2,1.5,37.5591,-120.9982,12.713318348329386,-11.213318348329386,Moderate
Stanislaus,2022,3,2.0,37.5591,-120.9982,15.54449753609449,-13.54449753609449,Moderate
Stanislaus,2022,4,2.5,37.5591,-120.9982,14.00552660098013,-11.50552660098013,Moderate
Stanislaus,2022,5,3.0,37.5591,-120.9982,12.938892360757135,-9.938892360757135,Moderate
Stanislaus,2022,6,3.5000000000000004,37.5591,-120.9982,12.769518213559431,-9.269518213559431,Moderate
Stanislaus,2022,7,4.0,37.5591,-120.9982,16.46674570115393,-12.466745701153929,Moderate
Stanislaus,2022,8,6.0,37.5591,-120.9982,24.481758168968728,-18.481758168968728,Moderate
Stanislaus,2022,9,7.000000000000001,37.5591,-120.9982,41.28990813823405,-34.28990813823405,High
Stanislaus,2022,10,7.5,37.5591,-120.9982,45.76287332486333,-38.26287332486333,High
Stanislaus,2022,11,6.5,37.5591,-120.9982,77.92544628105382,-71.42544628105382,High
Stanislaus,2022,12,4.5,37.5591,-120.9982,42.838014224071905,-38.338014224071905,High
Stanislaus,2023,1,3.4,37.5591,-120.9982,11.287140643143035,-7.887140643143034,Moderate
Stanislaus,2023,2,2.55,37.5591,-120.9982,9.612259344680588,-7.062259344680588,Low
Stanislaus,2023,3,3.4,37.5591,-120.9982,18.338733670390557,-14.938733670390556,Moderate
Stanislaus,2023,4,4.25,37.5591,-120.9982,22.940195745302915,-18.690195745302915,Moderate
Stanislaus,2023,5,5.1,37.5591,-120.9982,22.377201743052836,-17.277201743052835,Moderate
Stanislaus,2023,6,5.95,37.5591,-120.9982,14.535315036785015,-8.585315036785016,Moderate
Stanislaus,2023,7,6.8,37.5591,-120.9982,17.55849017279346,-10.758490172793458,Moderate
Stanislaus,2023,8,10.2,37.5591,-120.9982,20.036008265066002,-9.836008265066003,Moderate
Stanislaus,2023,9,11.9,37.5591,-120.9982,60.43066937889557,-48.530669378895574,High
Stanislaus,2023,10,12.75,37.5591,-120.9982,131.74159720360439,-118.99159720360439,Very High
Stanislaus,2023,11,11.05,37.5591,-120.9982,86.81742232209979,-75.76742232209979,Very High
Stanislaus,2023,12,7.6499999999999995,37.5591,-120.9982,32.35678553424007,-24.70678553424007,High
Stanislaus,2024,1,5.2,37.5591,-120.9982,15.786715097092706,-10.586715097092707,Moderate
Stanislaus,2024,2,3.9,37.5591,-120.9982,18.985867519554123,-15.085867519554123,Moderate
Stanislaus,2024,3,5.2,37.5591,-120.9982,23.799394870556483,-18.599394870556484,Moderate
Stanislaus,2024,4,6.5,37.5591,-120.9982,58.429858337605374,-51.929858337605374,High
Stanislaus,2024,5,7.8,37.5591,-120.9982,36.90390310778856,-29.103903107788557,High
Stanislaus,2024,6,9.100000000000001,37.5591,-120.9982,17.464117117923774,-8.364117117923772,Moderate
Stanislaus,2024,7,10.4,37.5591,-120.9982,23.976652110590738,-13.576652110590738,Moderate
Stanislaus,2024,8,15.6,37.5591,-120.9982,31.36665695040157,-15.76665695040157,High
Stanislaus,2024,9,18.200000000000003,37.5591,-120.9982,72.35179176037722,-54.15179176037722,High
Stanislaus,2024,10,19.5,37.5591,-120.9982,71.57730640562887,-52.077306405628875,High
Stanislaus,2024,11,16.900000000000002,37.5591,-120.9982,112.08991775926708,-95.18991775926708,Very High
Stanislaus,2024,12,11.7,37.5591,-120.9982,52.10819914713667,-40.40819914713667,High
Stanislaus,2025,1,3.6,37.5591,-120.9982,20.207521898259216,-16.607521898259215,Moderate
Stanislaus,2025,2,2.6999999999999997,37.5591,-120.9982,6.24469934023856,-3.54469934023856,Low
Stanislaus,2025,3,3.6,37.5591,-120.9982,12.114234477787633,-8.514234477787634,Moderate
Stanislaus,2025,4,4.5,37.5591,-120.9982,27.110696139988523,-22.610696139988523,Moderate
Stanislaus,2025,5,5.3999999999999995,37.5591,-120.9982,20.03258077576474,-14.63258077576474,Moderate
Stanislaus,2025,6,6.300000000000001,37.5591,-120.9982,22.732449777772054,-16.432449777772053,Moderate
Stanislaus,2025,7,7.2,37.5591,-120.9982,27.057125569011028,-19.85712556901103,Moderate
Stanislaus,2025,8,10.799999999999999,37.5591,-120.9982,28.738661107344978,-17.938661107344977,Moderate
Stanislaus,2025,9,12.600000000000001,37.5591,-120.9982,38.53999248276262,-25.93999248276262,High
Stanislaus,2025,10,13.5,37.5591,-120.9982,69.02269094649215,-55.52269094649215,High
Stanislaus,2025,11,11.700000000000001,37.5591,-120.9982,41.63146928560818,-29.93146928560818,High
Stanislaus,2025,12,8.1,37.5591,-120.9982,37.87120595200401,-29.77120595200401,High
Stanislaus,2026,1,0.0,37.5591,-120.9982,14.748054171456845,-14.748054171456845,Moderate
Stanislaus,2026,2,0.0,37.5591,-120.9982,7.079139343838986,-7.079139343838986,Low
Stanislaus,2026,3,0.0,37.5591,-120.9982,14.238209608028026,-14.238209608028026,Moderate
Tulare,2021,7,18.400000000000002,36.2077,-119.0539,75.75383722607023,-57.353837226070226,High
Tulare,2021,8,27.599999999999998,36.2077,-119.0539,51.39085434320088,-23.79085434320088,High
Tulare,2021,9,32.2,36.2077,-119.0539,37.79016556448131,-5.59016556448131,High
Tulare,2021,10,34.5,36.2077,-119.0539,51.928745475411716,-17.428745475411716,High
Tulare,2021,11,29.900000000000002,36.2077,-119.0539,46.00470034342655,-16.104700343426547,High
Tulare,2021,12,20.7,36.2077,-119.0539,76.14515726762929,-55.445157267629284,High
Tulare,2022,1,8.0,36.2077,-119.0539,35.868134598161944,-27.868134598161944,High
Tulare,2022,2,6.0,36.2077,-119.0539,19.9503372030871,-13.950337203087098,Moderate
Tulare,2022,3,8.0,36.2077,-119.0539,22.959249065498426,-14.959249065498426,Moderate
Tulare,2022,4,10.0,36.2077,-119.0539,61.58101540908761,-51.58101540908761,High
Tulare,2022,5,12.0,36.2077,-119.0539,70.64123293672786,-58.64123293672786,High
Tulare,2022,6,14.000000000000002,36.2077,-119.0539,48.772768319015,-34.772768319015,High
Tulare,2022,7,16.0,36.2077,-119.0539,75.0773076612142,-59.077307661214206,High
Tulare,2022,8,24.0,36.2077,-119.0539,71.5546749230244,-47.55467492302439,High
Tulare,2022,9,28.000000000000004,36.2077,-119.0539,42.0024318636366,-14.002431863636598,High
Tulare,2022,10,30.0,36.2077,-119.0539,42.563488283071685,-12.563488283071685,High
Tulare,2022,11,26.0,36.2077,-119.0539,26.039319754111215,-0.03931975411121513,Moderate
Tulare,2022,12,18.0,36.2077,-119.0539,93.3226891120846,-75.3226891120846,Very High
Tulare,2023,1,13.6,36.2077,-119.0539,49.116600539346045,-35.516600539346044,High
Tulare,2023,2,10.2,36.2077,-119.0539,19.949952556062097,-9.749952556062098,Moderate
Tulare,2023,3,13.6,36.2077,-119.0539,30.24570032549151,-16.64570032549151,High
Tulare,2023,4,17.0,36.2077,-119.0539,35.851534875760834,-18.851534875760834,High
Tulare,2023,5,20.4,36.2077,-119.0539,53.651382133154314,-33.251382133154316,High
Tulare,2023,6,23.8,36.2077,-119.0539,121.96868478069628,-98.16868478069628,Very High
Tulare,2023,7,27.2,36.2077,-119.0539,94.00040298721959,-66.80040298721958,Very High
Tulare,2023,8,40.8,36.2077,-119.0539,133.20941318636815,-92.40941318636816,Very High
Tulare,2023,9,47.6,36.2077,-119.0539,112.02983243391841,-64.42983243391842,Very High
Tulare,2023,10,51.0,36.2077,-119.0539,83.46066186294449,-32.46066186294449,Very High
Tulare,2023,11,44.2,36.2077,-119.0539,53.22777449832515,-9.027774498325144,High
Tulare,2023,12,30.599999999999998,36.2077,-119.0539,57.528006074381565,-26.928006074381567,High
Tulare,2024,1,24.0,36.2077,-119.0539,107.73530034999834,-83.73530034999834,Very High
Tulare,2024,2,18.0,36.2077,-119.0539,75.49330007840288,-57.49330007840288,High
Tulare,2024,3,24.0,36.2077,-119.0539,50.368734849722735,-26.368734849722735,High
Tulare,2024,4,30.0,36.2077,-119.0539,61.19358831835208,-31.193588318352077,High
Tulare,2024,5,36.0,36.2077,-119.0539,58.76298413271579,-22.762984132715793,High
Tulare,2024,6,42.00000000000001,36.2077,-119.0539,73.92878216068631,-31.928782160686303,High
Tulare,2024,7,48.0,36.2077,-119.0539,112.60661647789553,-64.60661647789553,Very High
Tulare,2024,8,72.0,36.2077,-119.0539,65.27966123059925,6.720338769400755,High
Tulare,2024,9,84.00000000000001,36.2077,-119.0539,51.704521500304736,32.29547849969528,High
Tulare,2024,10,90.0,36.2077,-119.0539,66.75324740171247,23.24675259828753,High
Tulare,2024,11,78.0,36.2077,-119.0539,52.116877487014335,25.883122512985665,High
Tulare,2024,12,54.0,36.2077,-119.0539,88.91614411997699,-34.91614411997699,Very High
Tulare,2025,1,14.84,36.2077,-119.0539,25.156483744726703,-10.316483744726703,Moderate
Tulare,2025,2,11.129999999999999,36.2077,-119.0539,10.976486722557006,0.15351327744299326,Moderate
Tulare,2025,3,14.84,36.2077,-119.0539,30.507274765905528,-15.667274765905528,High
Tulare,2025,4,18.55,36.2077,-119.0539,40.16808981209104,-21.61808981209104,High
Tulare,2025,5,22.259999999999998,36.2077,-119.0539,58.656996542148505,-36.39699654214851,High
Tulare,2025,6,25.970000000000002,36.2077,-119.0539,44.53264786145948,-18.562647861459478,High
Tulare,2025,7,29.68,36.2077,-119.0539,28.821746488620246,0.858253511379754,Moderate
Tulare,2025,8,44.519999999999996,36.2077,-119.0539,57.1272213670091,-12.607221367009103,High
Tulare,2025,9,51.940000000000005,36.2077,-119.0539,87.45949694041168,-35.51949694041168,Very High
Tulare,2025,10,55.65,36.2077,-119.0539,48.34692678489405,7.303073215105947,High
Tulare,2025,11,48.230000000000004,36.2077,-119.0539,44.49428931288736,3.7357106871126433,High
Tulare,2025,12,33.39,36.2077,-119.0539,32.60089848226129,0.7891015177387075,High
Tulare,2026,1,0.0,36.2077,-119.0539,69.12826557784183,-69.12826557784183,High
Tulare,2026,2,0.0,36.2077,-119.0539,37.06537446076086,-37.06537446076086,High
Tulare,2026,3,0.0,36.2077,-119.0539,65.53966489055757,-65.53966489055757,High
